order_id,customer_id,amount,quantity,category,city,country,order_date
1,205,56.93,1,Clothing,Chicago,USA,2023-09-15
2,174,17.05,1,Electronics,Toronto,Canada,2023-02-26
3,378,122.08,3,Home,NYC,USA,2023-11-18
4,39,64.5,2,Books,Manchester,UK,2023-11-29
5,56,114.02,3,Books,Toronto,Canada,2023-06-12
6,306,29.78,1,Books,Munich,Germany,2023-09-07
7,305,27.0,1,Electronics,NYC,USA,2023-05-01
8,221,139.77,2,Clothing,LA,USA,2023-07-02
9,42,115.44,3,Books,Lyon,France,2023-12-31
10,369,145.23,1,Home,Berlin,Germany,2023-06-30
11,279,77.35,2,Electronics,Paris,France,2023-02-22
12,48,62.5,1,Books,Chicago,USA,2023-01-12
13,108,49.92,1,Books,Munich,Germany,2023-03-13
14,164,106.77,3,Electronics,Berlin,Germany,2023-11-27
15,473,70.8,1,Electronics,LA,USA,2023-09-22
16,144,61.49,1,Home,NYC,USA,2023-12-28
17,55,31.1,2,Electronics,Manchester,UK,2023-05-19
18,265,40.35,2,Home,LA,USA,2023-12-26
19,460,82.99,1,Clothing,Vancouver,Canada,2023-01-30
20,281,64.83,1,Books,Chicago,USA,2023-05-02
21,213,129.12,1,Clothing,NYC,USA,2023-01-21
22,114,49.8,1,Clothing,NYC,USA,2023-03-06
23,128,57.74,2,Clothing,Munich,Germany,2023-10-21
24,11,95.25,1,Clothing,Lyon,France,2023-06-11
25,192,93.62,2,Electronics,Paris,France,2023-08-05
26,452,51.23,2,Books,NYC,USA,2023-09-22
27,99,9.78,2,Clothing,LA,USA,2023-10-09
28,180,18.47,3,Books,LA,USA,2023-01-07
29,163,57.37,2,Home,London,UK,2023-03-22
30,356,142.9,1,Electronics,NYC,USA,2023-01-16
31,433,18.0,1,Home,NYC,USA,2023-07-27
32,463,98.17,1,Home,Manchester,UK,2023-12-14
33,255,59.72,2,Home,Toronto,Canada,2023-03-11
34,276,47.38,3,Books,LA,USA,2023-06-02
35,320,35.82,1,Books,LA,USA,2023-03-08
36,425,93.32,1,Home,NYC,USA,2023-09-25
37,12,64.78,1,Home,LA,USA,2023-07-10
38,368,35.54,1,Home,Chicago,USA,2023-03-30
39,295,82.71,1,Home,Vancouver,Canada,2023-07-17
40,76,5.0,1,Electronics,Paris,France,2023-06-23
41,378,109.6,2,Clothing,Chicago,USA,2023-04-26
42,422,75.21,1,Electronics,LA,USA,2023-11-20
43,345,49.51,1,Electronics,Toronto,Canada,2023-07-17
44,144,53.04,2,Clothing,NYC,USA,2023-04-13
45,213,157.49,3,Electronics,NYC,USA,2023-05-31
46,7,112.14,2,Home,Toronto,Canada,2023-05-18
47,424,93.52,3,Clothing,Manchester,UK,2023-11-08
48,211,83.1,3,Electronics,Chicago,USA,2023-08-08
49,124,74.8,1,Home,Munich,Germany,2023-12-25
50,491,99.78,3,Electronics,Munich,Germany,2023-05-03
51,46,46.06,3,Clothing,Lyon,France,2023-01-02
52,240,119.9,1,Home,Lyon,France,2023-04-08
53,395,106.01,3,Clothing,Vancouver,Canada,2023-12-27
54,486,63.2,1,Clothing,Toronto,Canada,2023-04-13
55,207,61.38,3,Electronics,Chicago,USA,2023-09-15
56,151,49.23,2,Books,Berlin,Germany,2023-03-08
57,254,78.06,2,Books,Chicago,USA,2023-06-17
58,234,8.68,2,Electronics,Berlin,Germany,2023-11-25
59,215,70.76,3,Electronics,Berlin,Germany,2023-09-05
60,374,127.44,2,Books,Paris,France,2023-09-17
61,208,33.81,2,Clothing,Manchester,UK,2023-10-29
62,267,64.46,1,Home,LA,USA,2023-04-07
63,130,5.0,1,Electronics,London,UK,2023-05-09
64,140,21.07,2,Clothing,LA,USA,2023-04-30
65,164,120.08,3,Home,Berlin,Germany,2023-05-09
66,465,112.46,2,Books,Toronto,Canada,2023-10-07
67,367,72.14,2,Home,Chicago,USA,2023-10-06
68,155,77.78,4,Books,NYC,USA,2023-02-04
69,139,80.36,1,Books,LA,USA,2023-07-09
70,429,38.17,2,Electronics,LA,USA,2023-06-13
71,232,72.09,2,Electronics,NYC,USA,2023-11-11
72,447,88.73,2,Clothing,LA,USA,2023-04-04
73,188,87.86,1,Clothing,Manchester,UK,2023-06-26
74,412,146.32,2,Home,Manchester,UK,2023-11-02
75,84,75.93,2,Clothing,Toronto,Canada,2023-04-26
76,132,137.07,3,Books,Berlin,Germany,2023-01-22
77,169,144.45,3,Electronics,Manchester,UK,2023-01-26
78,332,83.84,3,Electronics,Toronto,Canada,2023-04-28
79,61,72.89,1,Electronics,Manchester,UK,2023-09-21
80,500,90.39,2,Home,Vancouver,Canada,2023-02-02
81,450,5.0,1,Clothing,NYC,USA,2023-09-07
82,227,38.84,2,Electronics,London,UK,2023-09-15
83,307,74.36,4,Books,NYC,USA,2023-06-12
84,48,12.52,2,Electronics,Chicago,USA,2023-04-27
85,470,143.73,2,Clothing,Berlin,Germany,2023-07-18
86,128,46.63,1,Books,Berlin,Germany,2023-05-22
87,123,102.05,3,Clothing,LA,USA,2023-04-07
88,484,106.61,3,Electronics,Munich,Germany,2023-06-06
89,496,162.3,4,Clothing,Munich,Germany,2023-01-12
90,64,119.36,2,Home,Vancouver,Canada,2023-08-18
91,464,54.64,1,Electronics,LA,USA,2023-02-06
92,279,99.24,2,Clothing,Paris,France,2023-03-10
93,449,158.25,1,Home,LA,USA,2023-09-17
94,383,29.88,3,Books,Manchester,UK,2023-08-11
95,108,68.56,1,Electronics,Berlin,Germany,2023-11-25
96,3,84.6,1,Clothing,Berlin,Germany,2023-06-27
97,437,87.85,3,Clothing,London,UK,2023-08-20
98,450,5.0,2,Electronics,Chicago,USA,2023-05-09
99,74,76.11,1,Home,NYC,USA,2023-11-04
100,17,33.6,2,Electronics,LA,USA,2023-12-26
101,166,111.12,1,Clothing,London,UK,2023-02-26
102,189,95.92,2,Books,London,UK,2023-11-13
103,417,73.33,2,Electronics,LA,USA,2023-07-08
104,364,58.85,2,Home,Chicago,USA,2023-11-01
105,38,45.91,1,Electronics,Berlin,Germany,2023-06-21
106,275,66.15,3,Clothing,Chicago,USA,2023-12-28
107,201,87.58,3,Home,London,UK,2023-02-10
108,333,128.11,3,Clothing,Toronto,Canada,2023-07-10
109,133,169.14,3,Clothing,LA,USA,2023-01-15
110,75,8.12,2,Books,Chicago,USA,2023-11-06
111,49,67.49,1,Books,London,UK,2023-03-06
112,494,95.53,2,Clothing,LA,USA,2023-10-03
113,423,62.46,1,Electronics,London,UK,2023-05-25
114,95,172.56,3,Books,Lyon,France,2023-10-02
115,234,5.0,2,Electronics,Munich,Germany,2023-11-15
116,165,122.84,1,Clothing,NYC,USA,2023-07-16
117,460,115.6,1,Electronics,Toronto,Canada,2023-11-07
118,466,24.6,1,Electronics,NYC,USA,2023-11-25
119,465,128.14,3,Books,Vancouver,Canada,2023-01-22
120,415,68.38,1,Books,NYC,USA,2023-12-16
121,30,91.29,1,Home,Manchester,UK,2023-07-01
122,81,13.29,1,Clothing,Paris,France,2023-01-18
123,242,46.56,1,Books,LA,USA,2023-03-11
124,321,30.41,1,Electronics,Lyon,France,2023-07-12
125,489,94.92,4,Electronics,Manchester,UK,2023-01-06
126,368,106.87,1,Clothing,Chicago,USA,2023-06-12
127,419,5.0,3,Electronics,Chicago,USA,2023-10-13
128,72,115.08,1,Clothing,Chicago,USA,2023-03-27
129,473,80.64,2,Books,NYC,USA,2023-10-20
130,402,33.27,2,Home,Munich,Germany,2023-11-19
131,325,98.25,3,Clothing,Vancouver,Canada,2023-03-14
132,17,53.95,2,Electronics,Chicago,USA,2023-01-20
133,300,31.07,2,Clothing,Chicago,USA,2023-09-07
134,210,5.0,1,Home,LA,USA,2023-02-23
135,11,31.18,1,Clothing,Paris,France,2023-10-22
136,185,55.87,1,Home,Berlin,Germany,2023-11-26
137,474,40.78,2,Books,Vancouver,Canada,2023-07-12
138,9,105.68,2,Clothing,NYC,USA,2023-01-05
139,404,71.69,3,Electronics,LA,USA,2023-02-20
140,264,68.09,1,Clothing,Vancouver,Canada,2023-04-18
141,276,125.1,1,Electronics,LA,USA,2023-07-20
142,347,139.08,4,Electronics,Lyon,France,2023-08-14
143,308,109.24,2,Clothing,Vancouver,Canada,2023-06-23
144,21,113.37,2,Electronics,Munich,Germany,2023-07-23
145,321,108.63,1,Books,Lyon,France,2023-10-20
146,430,35.58,3,Electronics,London,UK,2023-01-02
147,301,87.05,3,Clothing,Berlin,Germany,2023-11-08
148,384,122.62,4,Home,Toronto,Canada,2023-02-02
149,186,83.74,2,Books,Paris,France,2023-07-10
150,229,53.76,1,Books,Lyon,France,2023-03-26
151,394,8.54,1,Clothing,Vancouver,Canada,2023-04-24
152,387,87.61,3,Home,LA,USA,2023-10-28
153,457,74.66,3,Home,Manchester,UK,2023-11-25
154,286,70.44,1,Electronics,Munich,Germany,2023-03-30
155,497,106.03,1,Clothing,Paris,France,2023-03-09
156,215,43.75,3,Electronics,Munich,Germany,2023-09-19
157,414,74.8,2,Home,Lyon,France,2023-05-04
158,365,75.52,1,Home,NYC,USA,2023-06-03
159,118,5.0,3,Clothing,Lyon,France,2023-05-30
160,283,85.71,3,Clothing,Munich,Germany,2023-05-24
161,283,23.15,1,Electronics,Berlin,Germany,2023-09-27
162,288,18.2,1,Clothing,London,UK,2023-06-22
163,155,129.08,2,Books,LA,USA,2023-01-25
164,171,114.88,3,Clothing,Vancouver,Canada,2023-04-15
165,392,95.82,1,Clothing,Vancouver,Canada,2023-03-02
166,475,58.38,3,Home,London,UK,2023-03-02
167,401,107.98,3,Books,Lyon,France,2023-09-03
168,267,47.67,1,Clothing,LA,USA,2023-11-22
169,156,47.5,4,Electronics,Toronto,Canada,2023-04-20
170,125,77.74,1,Clothing,Vancouver,Canada,2023-12-28
171,203,29.68,2,Clothing,Toronto,Canada,2023-09-01
172,206,35.29,1,Electronics,NYC,USA,2023-05-24
173,259,112.85,3,Clothing,Vancouver,Canada,2023-07-21
174,137,72.16,2,Books,NYC,USA,2023-07-29
175,495,145.95,2,Clothing,NYC,USA,2023-06-22
176,392,16.85,1,Electronics,Vancouver,Canada,2023-03-24
177,18,11.29,1,Books,Chicago,USA,2023-11-27
178,435,93.58,2,Books,Vancouver,Canada,2023-12-02
179,307,34.99,3,Clothing,NYC,USA,2023-02-02
180,338,103.39,3,Books,NYC,USA,2023-11-20
181,78,46.35,1,Clothing,Toronto,Canada,2023-02-07
182,130,75.25,1,Books,London,UK,2023-05-09
183,158,59.54,1,Home,NYC,USA,2023-06-15
184,193,102.59,1,Home,Vancouver,Canada,2023-11-06
185,41,115.2,2,Books,LA,USA,2023-05-03
186,500,93.23,2,Electronics,Toronto,Canada,2023-03-31
187,320,105.26,1,Electronics,NYC,USA,2023-03-15
188,437,92.35,2,Clothing,Manchester,UK,2023-04-14
189,384,90.46,3,Books,Vancouver,Canada,2023-08-11
190,28,83.0,2,Clothing,Paris,France,2023-03-22
191,416,22.89,2,Clothing,Vancouver,Canada,2023-03-15
192,414,74.86,1,Electronics,Lyon,France,2023-05-16
193,306,50.74,1,Electronics,Berlin,Germany,2023-10-04
194,105,85.69,2,Books,Manchester,UK,2023-05-18
195,312,38.2,3,Books,LA,USA,2023-04-10
196,470,115.51,3,Clothing,Munich,Germany,2023-07-11
197,108,38.1,2,Clothing,Berlin,Germany,2023-08-26
198,279,35.42,3,Clothing,Paris,France,2023-01-08
199,217,36.56,1,Clothing,NYC,USA,2023-05-01
200,265,54.86,1,Clothing,NYC,USA,2023-05-01
201,235,16.77,2,Electronics,LA,USA,2023-09-16
202,64,134.93,4,Books,Vancouver,Canada,2023-12-27
203,367,99.13,1,Clothing,NYC,USA,2023-02-15
204,192,78.94,3,Clothing,Lyon,France,2023-08-25
205,150,84.73,1,Books,Chicago,USA,2023-11-15
206,75,49.24,2,Electronics,Chicago,USA,2023-03-31
207,128,59.08,3,Electronics,Munich,Germany,2023-11-15
208,81,40.91,1,Books,Paris,France,2023-08-03
209,238,74.84,3,Clothing,LA,USA,2023-09-20
210,441,58.73,1,Electronics,Manchester,UK,2023-03-31
211,329,39.49,2,Electronics,Toronto,Canada,2023-08-31
212,142,138.11,3,Home,LA,USA,2023-11-16
213,466,76.76,1,Clothing,NYC,USA,2023-03-13
214,169,131.71,2,Home,Manchester,UK,2023-02-06
215,372,113.73,3,Electronics,LA,USA,2023-02-27
216,287,85.27,1,Electronics,NYC,USA,2023-12-06
217,468,89.47,2,Books,LA,USA,2023-08-12
218,438,5.0,3,Books,London,UK,2023-01-25
219,373,80.14,2,Books,NYC,USA,2023-08-09
220,396,108.7,3,Clothing,NYC,USA,2023-06-22
221,413,106.31,4,Home,Lyon,France,2023-08-22
222,298,5.0,3,Books,Munich,Germany,2023-08-04
223,268,98.2,1,Home,Paris,France,2023-06-28
224,382,112.23,2,Home,NYC,USA,2023-02-03
225,292,26.0,1,Clothing,Toronto,Canada,2023-03-05
226,158,65.26,3,Books,LA,USA,2023-05-18
227,235,38.2,1,Home,Chicago,USA,2023-02-17
228,354,120.62,3,Books,Lyon,France,2023-05-19
229,118,66.75,1,Books,Lyon,France,2023-09-06
230,460,128.09,3,Books,Toronto,Canada,2023-10-13
231,304,48.69,3,Electronics,Lyon,France,2023-03-26
232,299,95.5,1,Clothing,NYC,USA,2023-06-12
233,457,47.01,2,Electronics,London,UK,2023-07-13
234,483,100.29,1,Home,LA,USA,2023-05-04
235,4,149.11,3,Electronics,LA,USA,2023-04-02
236,330,48.55,2,Electronics,LA,USA,2023-06-15
237,373,50.91,1,Clothing,LA,USA,2023-11-26
238,24,95.43,3,Home,NYC,USA,2023-03-13
239,28,127.19,3,Clothing,Lyon,France,2023-09-17
240,324,157.62,3,Electronics,LA,USA,2023-09-17
241,298,96.6,1,Books,Munich,Germany,2023-10-24
242,136,53.65,2,Clothing,Vancouver,Canada,2023-06-15
243,32,22.94,1,Books,NYC,USA,2023-09-25
244,472,42.0,1,Electronics,Paris,France,2023-09-21
245,254,135.86,1,Clothing,Chicago,USA,2023-01-06
246,152,93.82,1,Home,Toronto,Canada,2023-08-22
247,17,95.8,1,Electronics,Chicago,USA,2023-03-02
248,300,32.72,1,Clothing,NYC,USA,2023-01-26
249,427,53.27,1,Home,Toronto,Canada,2023-12-11
250,72,101.46,1,Electronics,NYC,USA,2023-03-10
251,271,99.27,2,Books,London,UK,2023-07-24
252,493,84.3,3,Clothing,Vancouver,Canada,2023-01-02
253,19,84.07,1,Electronics,Lyon,France,2023-01-10
254,29,112.62,2,Electronics,Manchester,UK,2023-04-16
255,146,47.16,1,Books,Paris,France,2023-10-05
256,195,146.09,3,Home,LA,USA,2023-10-05
257,155,101.91,3,Clothing,Chicago,USA,2023-02-01
258,2,96.03,1,Clothing,NYC,USA,2023-09-13
259,486,117.27,5,Electronics,Vancouver,Canada,2023-10-26
260,141,51.79,2,Books,Toronto,Canada,2023-09-11
261,95,119.02,3,Books,Paris,France,2023-05-07
262,242,63.42,1,Electronics,LA,USA,2023-03-01
263,8,81.95,2,Clothing,Paris,France,2023-08-29
264,450,27.52,1,Electronics,Chicago,USA,2023-07-23
265,149,89.69,2,Home,London,UK,2023-07-06
266,277,131.58,3,Home,NYC,USA,2023-02-07
267,405,83.85,1,Books,NYC,USA,2023-04-19
268,36,95.66,1,Electronics,Chicago,USA,2023-10-06
269,173,67.11,1,Books,Chicago,USA,2023-09-09
270,355,101.72,4,Clothing,Toronto,Canada,2023-04-29
271,478,54.51,2,Electronics,Toronto,Canada,2023-02-28
272,96,120.62,3,Electronics,Paris,France,2023-06-08
273,232,32.57,4,Clothing,LA,USA,2023-01-04
274,484,105.95,1,Electronics,Berlin,Germany,2023-12-11
275,238,124.27,1,Electronics,NYC,USA,2023-06-22
276,300,36.44,1,Clothing,Chicago,USA,2023-08-14
277,219,75.76,3,Electronics,London,UK,2023-10-16
278,156,72.6,2,Home,Vancouver,Canada,2023-08-09
279,101,77.07,1,Electronics,Manchester,UK,2023-01-25
280,473,52.31,1,Clothing,NYC,USA,2023-05-09
281,167,52.3,2,Clothing,Vancouver,Canada,2023-09-28
282,411,104.36,2,Books,Chicago,USA,2023-10-18
283,69,48.44,1,Electronics,LA,USA,2023-11-23
284,20,67.73,1,Clothing,Vancouver,Canada,2023-06-25
285,283,56.33,1,Clothing,Munich,Germany,2023-11-12
286,299,88.14,1,Books,LA,USA,2023-02-19
287,187,70.79,2,Electronics,Paris,France,2023-05-13
288,254,48.27,2,Clothing,NYC,USA,2023-12-15
289,17,157.81,2,Electronics,NYC,USA,2023-07-25
290,343,101.62,3,Electronics,Munich,Germany,2023-02-20
291,199,144.28,2,Home,Vancouver,Canada,2023-11-07
292,38,8.68,2,Electronics,Munich,Germany,2023-11-01
293,221,78.2,1,Clothing,LA,USA,2023-05-15
294,126,40.1,1,Electronics,LA,USA,2023-07-06
295,270,63.85,1,Books,NYC,USA,2023-09-19
296,29,118.45,1,Books,London,UK,2023-05-27
297,173,67.01,2,Home,NYC,USA,2023-06-06
298,411,92.38,1,Electronics,Chicago,USA,2023-01-28
299,76,31.07,1,Clothing,Lyon,France,2023-04-26
300,133,97.01,1,Home,NYC,USA,2023-05-03
301,11,61.19,1,Books,Lyon,France,2023-10-24
302,280,53.67,2,Books,Paris,France,2023-12-09
303,100,70.02,3,Books,Lyon,France,2023-05-08
304,4,132.55,2,Books,LA,USA,2023-04-20
305,242,5.0,1,Clothing,NYC,USA,2023-06-20
306,205,30.28,1,Home,NYC,USA,2023-12-07
307,148,49.13,1,Clothing,LA,USA,2023-07-19
308,350,115.07,1,Home,Lyon,France,2023-08-11
309,185,38.2,2,Clothing,Berlin,Germany,2023-06-01
310,428,76.38,2,Books,Vancouver,Canada,2023-09-20
311,15,148.19,2,Electronics,LA,USA,2023-07-09
312,480,67.72,3,Home,Chicago,USA,2023-10-03
313,459,129.27,3,Clothing,LA,USA,2023-08-11
314,435,119.93,2,Clothing,Vancouver,Canada,2023-02-09
315,467,57.15,1,Electronics,NYC,USA,2023-01-10
316,237,100.53,2,Electronics,Vancouver,Canada,2023-08-05
317,407,29.43,2,Home,Toronto,Canada,2023-06-13
318,113,66.74,3,Home,NYC,USA,2023-02-11
319,123,172.0,1,Clothing,Chicago,USA,2023-04-13
320,147,63.42,2,Books,Toronto,Canada,2023-07-07
321,261,55.56,2,Home,Vancouver,Canada,2023-04-28
322,407,97.04,2,Clothing,Toronto,Canada,2023-10-06
323,500,14.08,1,Clothing,Toronto,Canada,2023-02-21
324,411,128.78,4,Books,LA,USA,2023-10-17
325,314,106.02,1,Clothing,Paris,France,2023-02-11
326,243,119.04,3,Clothing,NYC,USA,2023-10-22
327,235,51.99,2,Clothing,NYC,USA,2023-09-06
328,144,58.32,2,Home,Chicago,USA,2023-01-02
329,251,5.0,3,Books,Berlin,Germany,2023-05-26
330,164,72.67,4,Books,Berlin,Germany,2023-05-14
331,177,120.78,3,Electronics,Berlin,Germany,2023-09-23
332,226,37.35,2,Home,NYC,USA,2023-09-03
333,458,56.58,3,Clothing,Manchester,UK,2023-10-10
334,208,25.87,3,Electronics,London,UK,2023-10-21
335,253,117.75,3,Electronics,Lyon,France,2023-06-10
336,26,50.84,1,Electronics,LA,USA,2023-11-10
337,382,29.2,2,Clothing,NYC,USA,2023-11-15
338,42,130.17,2,Electronics,Lyon,France,2023-11-28
339,239,123.35,3,Electronics,Manchester,UK,2023-05-02
340,65,61.24,4,Books,Munich,Germany,2023-04-19
341,19,43.09,3,Clothing,Paris,France,2023-04-19
342,140,73.63,1,Clothing,Chicago,USA,2023-06-27
343,46,113.23,1,Books,Paris,France,2023-05-08
344,191,67.71,3,Clothing,Berlin,Germany,2023-10-02
345,496,91.24,2,Clothing,Berlin,Germany,2023-09-30
346,442,13.04,3,Electronics,NYC,USA,2023-02-25
347,331,63.57,1,Home,NYC,USA,2023-03-09
348,380,181.13,2,Home,London,UK,2023-09-24
349,206,89.19,1,Clothing,Chicago,USA,2023-09-04
350,426,65.46,2,Home,Lyon,France,2023-04-01
351,282,110.82,2,Clothing,Vancouver,Canada,2023-08-29
352,290,61.88,2,Books,Chicago,USA,2023-10-18
353,398,87.81,2,Clothing,LA,USA,2023-01-06
354,46,32.83,2,Clothing,Lyon,France,2023-03-15
355,429,39.12,2,Clothing,NYC,USA,2023-05-17
356,172,128.99,3,Electronics,NYC,USA,2023-12-27
357,239,168.73,3,Books,London,UK,2023-11-01
358,257,106.62,3,Home,LA,USA,2023-12-17
359,201,27.89,4,Books,Manchester,UK,2023-08-14
360,40,38.04,1,Home,NYC,USA,2023-12-07
361,210,44.41,1,Electronics,NYC,USA,2023-12-05
362,175,29.96,2,Electronics,Manchester,UK,2023-02-26
363,51,52.96,2,Clothing,Lyon,France,2023-01-06
364,137,54.6,1,Electronics,NYC,USA,2023-01-08
365,26,68.89,2,Books,NYC,USA,2023-12-08
366,284,70.85,2,Clothing,NYC,USA,2023-05-23
367,496,104.94,5,Books,Berlin,Germany,2023-06-02
368,314,41.73,3,Clothing,Paris,France,2023-04-09
369,65,20.19,2,Books,Berlin,Germany,2023-10-14
370,207,19.0,1,Books,Chicago,USA,2023-01-15
371,381,122.24,2,Books,Chicago,USA,2023-01-26
372,305,42.94,2,Electronics,NYC,USA,2023-04-14
373,265,74.99,1,Books,LA,USA,2023-04-07
374,110,82.66,2,Electronics,Toronto,Canada,2023-06-21
375,406,87.29,1,Clothing,NYC,USA,2023-04-12
376,282,99.01,3,Clothing,Vancouver,Canada,2023-03-16
377,82,102.59,1,Electronics,Toronto,Canada,2023-02-26
378,477,40.45,3,Home,LA,USA,2023-09-18
379,440,38.27,1,Home,London,UK,2023-06-03
380,128,42.94,1,Clothing,Munich,Germany,2023-12-04
381,475,36.64,1,Electronics,Manchester,UK,2023-06-06
382,72,45.59,1,Clothing,LA,USA,2023-09-02
383,49,59.95,3,Clothing,Manchester,UK,2023-01-11
384,238,156.32,2,Clothing,LA,USA,2023-07-09
385,461,129.28,1,Home,Lyon,France,2023-03-05
386,174,46.92,3,Clothing,Vancouver,Canada,2023-10-30
387,50,108.74,1,Clothing,NYC,USA,2023-09-14
388,19,116.37,1,Books,Paris,France,2023-07-01
389,400,41.58,1,Books,NYC,USA,2023-10-31
390,89,44.02,1,Home,Manchester,UK,2023-04-18
391,58,30.7,1,Electronics,Toronto,Canada,2023-01-17
392,297,31.4,3,Clothing,London,UK,2023-04-26
393,265,24.31,1,Electronics,NYC,USA,2023-06-04
394,249,36.65,2,Home,Munich,Germany,2023-02-22
395,496,165.44,4,Electronics,Munich,Germany,2023-08-27
396,70,26.43,1,Clothing,Toronto,Canada,2023-08-01
397,105,5.0,2,Clothing,London,UK,2023-01-24
398,496,167.36,3,Electronics,Munich,Germany,2023-04-29
399,4,96.89,5,Clothing,NYC,USA,2023-02-18
400,91,73.82,4,Electronics,Berlin,Germany,2023-07-16
401,284,5.0,1,Books,NYC,USA,2023-04-15
402,132,135.09,2,Clothing,Berlin,Germany,2023-07-20
403,325,154.55,1,Electronics,Toronto,Canada,2023-12-24
404,97,35.86,2,Home,LA,USA,2023-08-26
405,349,100.69,2,Clothing,LA,USA,2023-10-09
406,321,42.49,2,Home,Lyon,France,2023-05-19
407,21,5.0,1,Home,Munich,Germany,2023-10-02
408,241,53.94,2,Books,LA,USA,2023-12-13
409,91,92.84,4,Home,Munich,Germany,2023-03-09
410,147,43.95,1,Home,Vancouver,Canada,2023-09-14
411,377,13.32,2,Electronics,NYC,USA,2023-09-27
412,348,102.91,3,Books,LA,USA,2023-06-03
413,500,67.27,1,Clothing,Toronto,Canada,2023-01-22
414,79,30.1,2,Books,Berlin,Germany,2023-04-24
415,234,25.93,1,Electronics,Munich,Germany,2023-09-03
416,90,87.89,1,Electronics,Berlin,Germany,2023-03-22
417,101,90.59,3,Home,London,UK,2023-06-10
418,148,65.71,3,Home,Chicago,USA,2023-02-04
419,482,113.39,1,Clothing,Chicago,USA,2023-08-14
420,414,50.42,2,Electronics,Lyon,France,2023-08-04
421,178,23.73,1,Books,Munich,Germany,2023-08-06
422,444,53.65,1,Clothing,Vancouver,Canada,2023-06-24
423,281,86.84,1,Clothing,Chicago,USA,2023-02-21
424,256,121.25,2,Home,Munich,Germany,2023-09-16
425,87,109.38,2,Clothing,Chicago,USA,2023-07-06
426,238,121.01,2,Clothing,NYC,USA,2023-06-01
427,493,117.04,3,Clothing,Toronto,Canada,2023-01-20
428,4,137.98,2,Electronics,LA,USA,2023-07-11
429,320,34.53,1,Electronics,NYC,USA,2023-09-18
430,10,53.68,3,Home,Berlin,Germany,2023-09-15
431,151,41.62,1,Books,Munich,Germany,2023-07-23
432,493,118.63,4,Electronics,Vancouver,Canada,2023-09-13
433,174,54.31,4,Electronics,Toronto,Canada,2023-03-02
434,35,29.97,1,Clothing,LA,USA,2023-11-02
435,451,59.06,2,Electronics,NYC,USA,2023-11-23
436,52,57.21,1,Books,London,UK,2023-09-30
437,458,82.35,1,Electronics,Manchester,UK,2023-10-06
438,350,53.01,2,Clothing,Paris,France,2023-03-09
439,42,131.98,3,Electronics,Lyon,France,2023-04-23
440,8,87.26,1,Home,Lyon,France,2023-08-09
441,445,69.78,1,Electronics,London,UK,2023-06-21
442,367,55.96,2,Clothing,Chicago,USA,2023-11-13
443,231,64.75,3,Clothing,LA,USA,2023-06-18
444,255,118.67,1,Electronics,Vancouver,Canada,2023-03-13
445,302,87.98,2,Clothing,Chicago,USA,2023-01-06
446,424,156.13,1,Home,Manchester,UK,2023-04-12
447,290,56.27,1,Books,Chicago,USA,2023-09-15
448,256,145.72,3,Books,Munich,Germany,2023-12-31
449,236,86.91,2,Electronics,LA,USA,2023-07-05
450,203,5.0,3,Electronics,Vancouver,Canada,2023-05-10
451,65,62.98,2,Home,Munich,Germany,2023-12-31
452,109,193.68,3,Electronics,Paris,France,2023-01-28
453,382,37.54,1,Clothing,LA,USA,2023-12-31
454,267,15.84,2,Home,NYC,USA,2023-05-08
455,364,69.14,3,Home,NYC,USA,2023-01-06
456,314,74.56,1,Home,Paris,France,2023-01-02
457,223,101.06,3,Clothing,LA,USA,2023-08-04
458,413,168.99,1,Electronics,Lyon,France,2023-07-21
459,162,171.82,3,Electronics,NYC,USA,2023-08-25
460,470,105.25,4,Electronics,Berlin,Germany,2023-01-07
461,478,64.05,2,Electronics,Toronto,Canada,2023-09-07
462,285,24.06,1,Books,LA,USA,2023-11-17
463,364,68.75,3,Books,LA,USA,2023-08-02
464,26,56.11,1,Clothing,Chicago,USA,2023-06-27
465,314,101.64,2,Home,Lyon,France,2023-12-29
466,373,41.64,1,Electronics,Chicago,USA,2023-06-07
467,19,92.9,1,Clothing,Paris,France,2023-03-18
468,85,119.26,1,Electronics,Lyon,France,2023-07-10
469,389,45.33,1,Home,NYC,USA,2023-07-03
470,152,64.61,1,Electronics,Toronto,Canada,2023-10-05
471,133,91.01,2,Electronics,LA,USA,2023-06-11
472,379,130.92,2,Books,Manchester,UK,2023-01-08
473,299,85.66,1,Clothing,NYC,USA,2023-05-16
474,438,88.71,2,Books,London,UK,2023-02-24
475,314,63.76,1,Clothing,Paris,France,2023-04-15
476,153,34.26,5,Clothing,Paris,France,2023-05-19
477,272,54.16,1,Clothing,NYC,USA,2023-10-21
478,451,59.34,3,Clothing,Chicago,USA,2023-10-30
479,192,68.77,2,Clothing,Paris,France,2023-02-25
480,439,32.12,3,Clothing,London,UK,2023-06-28
481,143,61.82,1,Books,LA,USA,2023-11-25
482,331,42.53,2,Clothing,NYC,USA,2023-01-17
483,353,81.69,1,Home,Chicago,USA,2023-09-01
484,88,66.47,1,Home,Lyon,France,2023-03-27
485,47,53.25,2,Clothing,Chicago,USA,2023-02-10
486,328,43.63,2,Home,LA,USA,2023-06-17
487,443,32.58,3,Electronics,LA,USA,2023-04-30
488,388,106.46,2,Clothing,Chicago,USA,2023-11-07
489,106,109.73,3,Clothing,Lyon,France,2023-01-09
490,247,87.65,3,Clothing,Chicago,USA,2023-08-14
491,394,53.89,1,Electronics,Toronto,Canada,2023-05-21
492,379,152.77,3,Home,Manchester,UK,2023-02-14
493,296,63.41,1,Books,Toronto,Canada,2023-12-24
494,123,160.19,3,Home,LA,USA,2023-09-25
495,16,10.39,1,Clothing,Manchester,UK,2023-09-04
496,386,16.4,1,Clothing,London,UK,2023-02-02
497,11,90.42,2,Electronics,Lyon,France,2023-05-31
498,495,68.45,3,Home,NYC,USA,2023-04-03
499,64,112.26,3,Electronics,Vancouver,Canada,2023-06-22
500,338,112.52,2,Books,LA,USA,2023-01-09
501,184,187.86,2,Home,Chicago,USA,2023-02-06
502,81,70.92,3,Clothing,Lyon,France,2023-07-30
503,251,56.49,4,Home,Berlin,Germany,2023-11-04
504,96,115.35,3,Electronics,Lyon,France,2023-09-05
505,332,112.08,3,Books,Vancouver,Canada,2023-01-27
506,253,135.23,3,Electronics,Lyon,France,2023-07-01
507,486,69.63,3,Clothing,Vancouver,Canada,2023-03-20
508,91,94.14,1,Home,Munich,Germany,2023-12-27
509,184,90.11,4,Electronics,LA,USA,2023-09-20
510,54,54.98,2,Books,Vancouver,Canada,2023-06-20
511,405,50.44,3,Clothing,NYC,USA,2023-08-23
512,257,156.73,2,Home,LA,USA,2023-02-09
513,318,133.0,3,Electronics,Manchester,UK,2023-05-14
514,137,79.3,1,Books,Chicago,USA,2023-01-20
515,427,90.16,3,Electronics,Toronto,Canada,2023-02-15
516,1,61.84,2,Home,Chicago,USA,2023-12-02
517,97,49.64,1,Home,NYC,USA,2023-06-15
518,64,51.61,3,Electronics,Vancouver,Canada,2023-07-29
519,226,42.93,3,Electronics,NYC,USA,2023-06-09
520,290,81.79,1,Home,Chicago,USA,2023-04-10
521,343,101.16,2,Books,Berlin,Germany,2023-09-05
522,72,5.0,2,Home,Chicago,USA,2023-12-11
523,470,133.34,3,Clothing,Berlin,Germany,2023-06-03
524,429,61.9,1,Books,Chicago,USA,2023-11-08
525,215,85.52,3,Clothing,Berlin,Germany,2023-11-21
526,388,150.19,1,Clothing,NYC,USA,2023-02-18
527,422,108.78,1,Clothing,NYC,USA,2023-06-21
528,397,91.4,1,Clothing,NYC,USA,2023-03-12
529,426,82.72,1,Clothing,Paris,France,2023-03-10
530,272,55.11,3,Clothing,Chicago,USA,2023-10-21
531,126,115.5,1,Home,NYC,USA,2023-02-15
532,172,25.6,5,Books,NYC,USA,2023-01-19
533,174,70.48,3,Books,Toronto,Canada,2023-05-14
534,143,76.63,1,Books,LA,USA,2023-11-14
535,460,27.8,1,Clothing,Toronto,Canada,2023-10-25
536,463,39.79,3,Electronics,Manchester,UK,2023-12-07
537,162,110.38,2,Clothing,LA,USA,2023-09-04
538,137,43.47,2,Books,NYC,USA,2023-08-24
539,130,48.81,2,Electronics,London,UK,2023-06-28
540,216,7.73,2,Clothing,LA,USA,2023-12-31
541,462,107.08,3,Clothing,Lyon,France,2023-09-17
542,375,52.47,2,Electronics,Vancouver,Canada,2023-04-11
543,466,79.45,1,Clothing,Chicago,USA,2023-09-05
544,422,56.79,1,Electronics,NYC,USA,2023-06-18
545,237,13.04,1,Clothing,Vancouver,Canada,2023-05-29
546,290,60.53,1,Home,LA,USA,2023-06-06
547,15,92.45,2,Clothing,NYC,USA,2023-05-11
548,358,75.3,2,Clothing,Berlin,Germany,2023-05-27
549,420,140.82,2,Clothing,NYC,USA,2023-02-06
550,150,58.86,2,Home,Chicago,USA,2023-01-27
551,202,5.0,1,Clothing,NYC,USA,2023-08-25
552,138,90.67,1,Electronics,Berlin,Germany,2023-08-28
553,215,73.67,1,Home,Berlin,Germany,2023-04-27
554,63,45.56,2,Books,LA,USA,2023-01-09
555,276,56.07,1,Books,NYC,USA,2023-11-10
556,332,72.59,1,Clothing,Vancouver,Canada,2023-08-20
557,175,34.96,1,Clothing,London,UK,2023-04-17
558,278,84.93,3,Clothing,Lyon,France,2023-02-24
559,463,99.85,1,Home,Manchester,UK,2023-10-30
560,55,110.03,1,Electronics,London,UK,2023-06-11
561,262,132.95,1,Clothing,London,UK,2023-08-16
562,445,61.82,1,Electronics,Manchester,UK,2023-11-17
563,72,20.55,3,Books,Chicago,USA,2023-06-16
564,109,34.02,2,Home,Lyon,France,2023-04-29
565,33,80.91,1,Clothing,Vancouver,Canada,2023-08-29
566,81,76.14,2,Clothing,Lyon,France,2023-03-20
567,329,96.18,2,Books,Toronto,Canada,2023-08-30
568,394,59.08,2,Clothing,Vancouver,Canada,2023-09-22
569,492,123.64,2,Clothing,Manchester,UK,2023-08-18
570,492,110.01,2,Books,Manchester,UK,2023-08-28
571,329,50.15,1,Home,Vancouver,Canada,2023-08-17
572,114,5.0,1,Clothing,Chicago,USA,2023-09-18
573,112,55.6,1,Electronics,NYC,USA,2023-05-06
574,5,155.07,3,Books,LA,USA,2023-08-17
575,405,74.34,1,Clothing,NYC,USA,2023-01-22
576,233,9.59,1,Home,Manchester,UK,2023-03-23
577,326,85.07,1,Books,NYC,USA,2023-07-22
578,95,131.56,3,Home,Paris,France,2023-09-14
579,245,13.62,1,Clothing,LA,USA,2023-12-30
580,177,124.7,2,Books,Munich,Germany,2023-03-02
581,470,129.75,3,Books,Berlin,Germany,2023-10-25
582,202,100.97,1,Books,Chicago,USA,2023-03-13
583,33,63.44,3,Clothing,Toronto,Canada,2023-08-06
584,460,5.0,2,Books,Toronto,Canada,2023-08-11
585,395,133.93,2,Electronics,Toronto,Canada,2023-11-07
586,426,78.58,1,Electronics,Paris,France,2023-11-23
587,384,121.27,3,Electronics,Toronto,Canada,2023-03-05
588,159,52.46,1,Electronics,Chicago,USA,2023-10-31
589,484,175.44,3,Clothing,Berlin,Germany,2023-10-09
590,61,72.23,1,Clothing,Manchester,UK,2023-08-08
591,255,35.1,1,Electronics,Toronto,Canada,2023-03-18
592,461,134.06,4,Electronics,Paris,France,2023-07-03
593,189,85.6,1,Home,London,UK,2023-08-12
594,112,122.75,1,Books,Chicago,USA,2023-03-05
595,208,81.34,1,Clothing,Manchester,UK,2023-07-09
596,392,36.62,1,Clothing,Toronto,Canada,2023-10-04
597,418,62.28,1,Books,Toronto,Canada,2023-11-25
598,322,88.12,1,Electronics,Manchester,UK,2023-01-09
599,439,102.63,2,Electronics,Manchester,UK,2023-07-30
600,255,53.44,1,Books,Toronto,Canada,2023-12-08
601,42,143.64,2,Electronics,Paris,France,2023-05-29
602,254,30.64,1,Clothing,Chicago,USA,2023-07-21
603,292,5.0,2,Home,Toronto,Canada,2023-03-07
604,150,70.72,1,Home,Chicago,USA,2023-07-02
605,263,38.08,1,Books,Berlin,Germany,2023-01-15
606,282,107.63,2,Home,Toronto,Canada,2023-11-24
607,388,114.68,3,Electronics,LA,USA,2023-12-25
608,237,97.14,1,Clothing,Vancouver,Canada,2023-08-04
609,155,80.35,1,Electronics,LA,USA,2023-11-13
610,208,53.2,1,Books,London,UK,2023-02-15
611,441,28.49,3,Electronics,London,UK,2023-09-29
612,88,85.55,2,Clothing,Lyon,France,2023-07-12
613,223,62.53,1,Electronics,LA,USA,2023-02-15
614,434,110.5,3,Clothing,Vancouver,Canada,2023-08-11
615,104,91.82,1,Home,Vancouver,Canada,2023-09-03
616,222,97.56,2,Electronics,Vancouver,Canada,2023-03-04
617,418,24.09,2,Electronics,Toronto,Canada,2023-05-02
618,465,149.38,2,Electronics,Toronto,Canada,2023-12-18
619,382,60.99,1,Electronics,Chicago,USA,2023-05-03
620,147,115.39,1,Electronics,Toronto,Canada,2023-02-07
621,215,89.92,2,Electronics,Berlin,Germany,2023-02-03
622,118,46.0,2,Clothing,Lyon,France,2023-09-18
623,298,100.33,2,Clothing,Munich,Germany,2023-04-10
624,70,45.31,2,Clothing,Vancouver,Canada,2023-08-27
625,22,59.5,2,Clothing,Lyon,France,2023-08-28
626,32,53.08,2,Home,Chicago,USA,2023-08-08
627,177,114.44,3,Clothing,Berlin,Germany,2023-05-27
628,78,25.84,1,Clothing,Vancouver,Canada,2023-11-14
629,65,99.95,2,Home,Munich,Germany,2023-11-08
630,430,57.97,3,Books,Manchester,UK,2023-03-06
631,284,68.61,1,Clothing,Chicago,USA,2023-12-13
632,100,110.26,1,Clothing,Lyon,France,2023-08-11
633,370,112.81,2,Books,NYC,USA,2023-12-27
634,292,51.9,1,Electronics,Vancouver,Canada,2023-07-22
635,37,33.33,1,Books,Manchester,UK,2023-01-14
636,500,60.79,2,Clothing,Vancouver,Canada,2023-04-02
637,487,52.86,2,Electronics,LA,USA,2023-01-29
638,459,151.23,3,Books,Chicago,USA,2023-11-12
639,176,55.93,1,Home,Paris,France,2023-10-08
640,219,8.12,1,Electronics,London,UK,2023-02-28
641,203,78.79,1,Home,Toronto,Canada,2023-03-28
642,139,30.75,3,Clothing,Chicago,USA,2023-04-19
643,189,14.22,2,Electronics,London,UK,2023-06-23
644,457,58.71,2,Home,London,UK,2023-12-05
645,314,64.2,1,Books,Lyon,France,2023-01-12
646,39,62.71,1,Home,London,UK,2023-06-06
647,195,155.22,3,Home,Chicago,USA,2023-10-28
648,16,94.88,1,Electronics,Manchester,UK,2023-09-21
649,81,112.2,1,Books,Paris,France,2023-12-14
650,95,77.77,3,Electronics,Paris,France,2023-06-16
651,145,29.41,1,Clothing,Lyon,France,2023-02-13
652,217,46.13,3,Books,NYC,USA,2023-01-15
653,259,65.86,2,Clothing,Vancouver,Canada,2023-05-24
654,365,18.05,1,Home,Chicago,USA,2023-04-08
655,55,24.0,2,Clothing,Manchester,UK,2023-05-02
656,16,36.47,4,Clothing,Manchester,UK,2023-06-28
657,382,64.93,2,Home,Chicago,USA,2023-04-19
658,409,101.56,3,Clothing,Lyon,France,2023-08-29
659,159,107.66,1,Electronics,LA,USA,2023-01-17
660,472,54.42,3,Home,Paris,France,2023-09-27
661,142,134.55,1,Clothing,Chicago,USA,2023-08-31
662,223,76.93,4,Electronics,Chicago,USA,2023-12-07
663,308,75.62,2,Electronics,Vancouver,Canada,2023-08-22
664,343,96.15,3,Electronics,Berlin,Germany,2023-10-23
665,72,67.23,1,Books,Chicago,USA,2023-08-24
666,32,38.75,2,Electronics,Chicago,USA,2023-03-18
667,49,81.47,1,Clothing,London,UK,2023-12-07
668,184,113.98,2,Electronics,LA,USA,2023-05-31
669,315,53.2,3,Clothing,Munich,Germany,2023-06-18
670,431,77.98,2,Electronics,LA,USA,2023-04-04
671,425,71.25,1,Home,NYC,USA,2023-07-13
672,182,47.99,2,Clothing,LA,USA,2023-02-06
673,333,146.66,4,Home,Vancouver,Canada,2023-08-15
674,89,29.41,3,Clothing,London,UK,2023-04-02
675,108,38.02,2,Clothing,Berlin,Germany,2023-02-20
676,100,89.3,1,Home,Lyon,France,2023-07-09
677,419,20.35,2,Books,LA,USA,2023-06-25
678,185,50.07,2,Clothing,Berlin,Germany,2023-08-07
679,21,101.43,1,Books,Munich,Germany,2023-02-19
680,228,40.13,2,Electronics,Paris,France,2023-08-30
681,143,75.2,1,Electronics,Chicago,USA,2023-04-05
682,465,173.55,3,Home,Vancouver,Canada,2023-04-01
683,309,33.87,1,Electronics,LA,USA,2023-10-24
684,10,46.53,2,Electronics,Berlin,Germany,2023-12-25
685,299,11.59,3,Clothing,Chicago,USA,2023-08-05
686,163,51.47,1,Clothing,London,UK,2023-04-18
687,288,104.48,2,Clothing,London,UK,2023-07-29
688,5,86.7,2,Clothing,NYC,USA,2023-07-29
689,251,80.4,1,Home,Berlin,Germany,2023-07-14
690,275,51.1,1,Clothing,NYC,USA,2023-09-16
691,303,97.14,2,Books,Berlin,Germany,2023-11-15
692,114,92.18,3,Electronics,LA,USA,2023-06-11
693,139,28.82,1,Books,NYC,USA,2023-05-05
694,368,64.57,2,Clothing,Chicago,USA,2023-03-07
695,487,5.0,1,Electronics,LA,USA,2023-02-09
696,356,92.34,3,Books,LA,USA,2023-10-14
697,27,7.57,1,Electronics,LA,USA,2023-12-26
698,442,110.89,1,Electronics,Chicago,USA,2023-03-16
699,354,83.86,1,Clothing,Lyon,France,2023-07-11
700,8,52.8,1,Books,Lyon,France,2023-04-04
701,300,59.17,1,Home,Chicago,USA,2023-09-07
702,181,24.96,2,Electronics,Chicago,USA,2023-07-30
703,144,127.25,2,Electronics,Chicago,USA,2023-09-30
704,293,79.98,2,Electronics,Munich,Germany,2023-10-08
705,53,72.33,1,Home,Lyon,France,2023-03-02
706,375,97.25,2,Home,Vancouver,Canada,2023-01-20
707,173,88.1,1,Clothing,Chicago,USA,2023-02-02
708,208,34.05,2,Books,Manchester,UK,2023-10-09
709,445,37.31,3,Electronics,Manchester,UK,2023-07-07
710,414,94.52,1,Books,Paris,France,2023-01-24
711,155,104.45,3,Books,NYC,USA,2023-12-30
712,162,136.41,3,Home,NYC,USA,2023-09-06
713,384,126.9,4,Books,Vancouver,Canada,2023-01-24
714,458,44.75,1,Books,London,UK,2023-11-24
715,182,80.72,1,Home,Chicago,USA,2023-01-19
716,484,107.2,2,Books,Berlin,Germany,2023-02-01
717,163,72.32,1,Electronics,Manchester,UK,2023-09-06
718,41,88.18,3,Clothing,Chicago,USA,2023-08-13
719,322,5.0,1,Electronics,London,UK,2023-12-25
720,264,98.16,2,Clothing,Toronto,Canada,2023-09-22
721,436,123.79,1,Home,Paris,France,2023-07-09
722,122,12.65,2,Home,Chicago,USA,2023-06-19
723,380,101.83,1,Books,Manchester,UK,2023-02-07
724,313,68.85,2,Clothing,Munich,Germany,2023-06-01
725,400,60.31,1,Books,LA,USA,2023-11-17
726,353,47.2,2,Clothing,Chicago,USA,2023-01-28
727,323,14.45,2,Clothing,Manchester,UK,2023-06-02
728,101,113.06,1,Home,London,UK,2023-09-21
729,58,107.14,1,Electronics,Toronto,Canada,2023-05-06
730,263,66.3,2,Clothing,Berlin,Germany,2023-08-27
731,311,83.18,2,Clothing,Munich,Germany,2023-01-28
732,100,50.66,2,Clothing,Paris,France,2023-06-18
733,53,44.76,1,Books,Lyon,France,2023-09-06
734,498,12.34,1,Electronics,LA,USA,2023-10-27
735,421,72.54,2,Books,Lyon,France,2023-07-28
736,16,48.75,1,Clothing,London,UK,2023-10-29
737,235,74.68,2,Electronics,Chicago,USA,2023-07-30
738,60,80.18,1,Books,London,UK,2023-03-06
739,11,84.04,2,Books,Lyon,France,2023-09-17
740,480,7.61,1,Electronics,Chicago,USA,2023-11-04
741,481,85.73,2,Home,London,UK,2023-07-13
742,14,35.57,4,Clothing,Chicago,USA,2023-01-23
743,103,110.9,2,Clothing,Manchester,UK,2023-04-08
744,441,76.52,2,Electronics,Manchester,UK,2023-12-17
745,284,70.69,2,Clothing,NYC,USA,2023-08-24
746,399,36.28,1,Clothing,Munich,Germany,2023-01-04
747,70,66.96,1,Home,Vancouver,Canada,2023-09-24
748,409,56.42,3,Electronics,Lyon,France,2023-04-23
749,299,54.58,1,Clothing,NYC,USA,2023-08-21
750,328,25.19,3,Electronics,LA,USA,2023-10-25
751,447,49.88,1,Clothing,NYC,USA,2023-10-09
752,327,146.01,3,Electronics,Munich,Germany,2023-06-07
753,106,76.57,1,Clothing,Lyon,France,2023-11-10
754,8,34.97,2,Books,Paris,France,2023-03-29
755,38,32.74,2,Clothing,Munich,Germany,2023-05-22
756,24,94.97,3,Electronics,Chicago,USA,2023-10-03
757,182,39.73,1,Clothing,LA,USA,2023-04-02
758,414,91.6,3,Electronics,Paris,France,2023-05-18
759,268,98.68,1,Home,Lyon,France,2023-06-20
760,454,83.18,3,Home,NYC,USA,2023-11-11
761,179,33.72,1,Clothing,Chicago,USA,2023-08-14
762,328,104.35,4,Books,Chicago,USA,2023-09-14
763,461,107.88,4,Electronics,Paris,France,2023-06-12
764,412,170.02,4,Home,Manchester,UK,2023-02-18
765,322,99.01,2,Electronics,Manchester,UK,2023-07-27
766,462,61.24,3,Electronics,Paris,France,2023-01-08
767,458,58.6,2,Electronics,Manchester,UK,2023-10-28
768,213,134.15,2,Home,Chicago,USA,2023-07-12
769,234,81.24,1,Clothing,Berlin,Germany,2023-09-19
770,216,95.17,3,Electronics,LA,USA,2023-01-14
771,469,138.98,3,Books,Paris,France,2023-11-18
772,202,48.75,3,Home,NYC,USA,2023-06-27
773,397,30.25,2,Electronics,NYC,USA,2023-06-04
774,7,68.95,1,Books,Vancouver,Canada,2023-05-11
775,445,33.99,2,Clothing,London,UK,2023-08-30
776,42,82.13,1,Electronics,Lyon,France,2023-05-08
777,18,43.83,5,Books,Chicago,USA,2023-03-06
778,487,10.02,1,Electronics,LA,USA,2023-07-21
779,374,88.97,2,Home,Paris,France,2023-03-28
780,490,137.06,4,Electronics,Munich,Germany,2023-05-20
781,240,110.16,2,Clothing,Paris,France,2023-09-01
782,66,99.17,1,Clothing,NYC,USA,2023-09-08
783,89,52.47,1,Clothing,London,UK,2023-01-14
784,59,75.44,1,Electronics,NYC,USA,2023-05-01
785,419,90.1,1,Clothing,NYC,USA,2023-09-10
786,95,142.85,3,Books,Lyon,France,2023-08-26
787,199,151.99,1,Home,Vancouver,Canada,2023-04-16
788,361,15.46,2,Electronics,Munich,Germany,2023-06-14
789,256,112.73,2,Clothing,Berlin,Germany,2023-12-03
790,171,150.28,2,Books,Vancouver,Canada,2023-06-17
791,485,65.04,2,Clothing,LA,USA,2023-10-14
792,215,63.62,2,Clothing,Munich,Germany,2023-05-16
793,497,44.59,1,Books,Paris,France,2023-09-08
794,100,104.05,1,Books,Lyon,France,2023-08-11
795,24,126.98,2,Electronics,Chicago,USA,2023-02-08
796,208,34.01,1,Home,London,UK,2023-07-04
797,212,85.08,1,Books,LA,USA,2023-05-22
798,198,87.83,1,Electronics,Berlin,Germany,2023-10-01
799,173,91.4,2,Clothing,LA,USA,2023-05-07
800,348,75.78,1,Electronics,NYC,USA,2023-07-26
801,24,96.46,5,Clothing,NYC,USA,2023-03-25
802,227,8.4,1,Home,Manchester,UK,2023-03-24
803,220,26.6,2,Home,LA,USA,2023-07-01
804,283,53.67,1,Books,Berlin,Germany,2023-03-02
805,253,141.3,3,Clothing,Paris,France,2023-03-05
806,417,33.15,3,Home,LA,USA,2023-12-02
807,494,146.43,1,Home,LA,USA,2023-06-14
808,70,57.36,2,Home,Toronto,Canada,2023-01-28
809,79,41.14,3,Electronics,Munich,Germany,2023-08-14
810,297,49.21,1,Electronics,Manchester,UK,2023-08-28
811,96,130.19,2,Clothing,Lyon,France,2023-06-17
812,44,23.25,1,Home,Berlin,Germany,2023-05-03
813,186,120.18,2,Home,Lyon,France,2023-08-23
814,66,84.09,1,Electronics,LA,USA,2023-12-19
815,409,32.74,1,Books,Paris,France,2023-06-13
816,425,106.2,1,Home,NYC,USA,2023-12-14
817,444,41.63,1,Books,Toronto,Canada,2023-11-18
818,245,53.43,1,Home,NYC,USA,2023-02-10
819,305,38.58,3,Clothing,LA,USA,2023-01-25
820,125,62.53,2,Clothing,Vancouver,Canada,2023-09-30
821,434,125.96,2,Books,Toronto,Canada,2023-07-12
822,437,127.54,4,Electronics,Manchester,UK,2023-08-21
823,484,78.0,2,Books,Munich,Germany,2023-05-24
824,217,69.14,2,Clothing,LA,USA,2023-05-08
825,69,53.58,1,Clothing,LA,USA,2023-08-17
826,217,84.57,1,Home,NYC,USA,2023-09-14
827,422,79.95,1,Electronics,NYC,USA,2023-10-27
828,232,54.05,1,Books,LA,USA,2023-03-05
829,94,110.76,3,Electronics,Chicago,USA,2023-06-02
830,69,68.95,1,Books,NYC,USA,2023-10-05
831,231,41.7,1,Electronics,Chicago,USA,2023-04-25
832,104,54.16,3,Books,Vancouver,Canada,2023-12-18
833,56,123.28,3,Books,Toronto,Canada,2023-07-12
834,218,144.5,3,Clothing,NYC,USA,2023-03-16
835,60,16.73,1,Books,Manchester,UK,2023-05-31
836,392,41.06,1,Clothing,Toronto,Canada,2023-06-20
837,464,57.65,1,Home,NYC,USA,2023-07-10
838,300,55.13,2,Home,NYC,USA,2023-07-29
839,374,162.62,3,Electronics,Paris,France,2023-01-07
840,77,93.91,2,Books,Berlin,Germany,2023-04-18
841,28,165.62,2,Books,Paris,France,2023-09-27
842,237,23.58,2,Electronics,Toronto,Canada,2023-09-27
843,166,42.06,2,Electronics,Manchester,UK,2023-11-10
844,368,105.31,1,Books,Chicago,USA,2023-12-28
845,341,97.43,2,Electronics,Lyon,France,2023-06-04
846,174,52.82,1,Books,Toronto,Canada,2023-12-22
847,368,58.05,2,Home,Chicago,USA,2023-05-13
848,131,57.09,2,Home,Toronto,Canada,2023-01-05
849,329,50.29,1,Home,Toronto,Canada,2023-01-25
850,164,157.97,2,Electronics,Munich,Germany,2023-12-11
851,126,42.32,2,Electronics,NYC,USA,2023-10-12
852,90,64.1,1,Books,Munich,Germany,2023-08-26
853,379,122.4,3,Electronics,London,UK,2023-11-26
854,110,110.73,1,Clothing,Toronto,Canada,2023-01-31
855,146,101.3,1,Clothing,Paris,France,2023-07-05
856,86,119.11,2,Books,Toronto,Canada,2023-11-22
857,93,83.78,1,Home,Toronto,Canada,2023-12-18
858,18,70.12,2,Home,LA,USA,2023-03-29
859,43,48.11,1,Home,Munich,Germany,2023-09-13
860,73,78.84,1,Clothing,Berlin,Germany,2023-02-13
861,265,92.49,1,Clothing,Chicago,USA,2023-08-16
862,309,62.93,1,Books,NYC,USA,2023-08-10
863,179,113.47,1,Home,LA,USA,2023-05-09
864,411,103.18,2,Clothing,Chicago,USA,2023-04-04
865,283,52.5,2,Electronics,Berlin,Germany,2023-09-29
866,347,137.6,4,Electronics,Paris,France,2023-02-04
867,41,129.3,3,Electronics,LA,USA,2023-10-28
868,367,100.62,3,Electronics,NYC,USA,2023-01-04
869,250,57.61,3,Home,Chicago,USA,2023-09-21
870,63,61.03,2,Electronics,LA,USA,2023-10-23
871,170,112.71,3,Home,NYC,USA,2023-12-28
872,321,100.0,2,Books,Lyon,France,2023-01-23
873,314,29.65,2,Electronics,Lyon,France,2023-12-05
874,352,83.83,2,Home,Vancouver,Canada,2023-03-17
875,375,37.51,1,Electronics,Toronto,Canada,2023-12-09
876,459,96.73,4,Books,LA,USA,2023-07-11
877,146,51.47,1,Books,Lyon,France,2023-04-02
878,213,86.73,3,Home,Chicago,USA,2023-04-04
879,360,95.83,3,Home,Manchester,UK,2023-01-05
880,184,144.38,3,Books,NYC,USA,2023-02-20
881,171,125.42,2,Books,Toronto,Canada,2023-02-21
882,444,5.0,1,Clothing,Toronto,Canada,2023-12-10
883,402,99.49,3,Electronics,Munich,Germany,2023-03-12
884,447,102.17,2,Clothing,LA,USA,2023-02-14
885,249,62.35,3,Home,Munich,Germany,2023-01-22
886,62,13.44,1,Clothing,LA,USA,2023-08-10
887,215,90.92,1,Books,Berlin,Germany,2023-01-15
888,314,82.3,1,Books,Paris,France,2023-06-14
889,421,49.64,2,Clothing,Paris,France,2023-01-11
890,195,104.75,2,Clothing,LA,USA,2023-10-22
891,273,103.76,3,Home,LA,USA,2023-02-21
892,8,15.67,3,Clothing,Paris,France,2023-05-13
893,153,63.57,1,Books,Paris,France,2023-02-01
894,263,5.0,2,Electronics,Berlin,Germany,2023-10-11
895,300,88.19,1,Home,Chicago,USA,2023-04-14
896,207,119.41,3,Home,Chicago,USA,2023-09-05
897,330,45.61,3,Home,NYC,USA,2023-04-08
898,196,81.48,2,Home,Berlin,Germany,2023-07-08
899,265,72.42,1,Books,LA,USA,2023-04-12
900,191,78.75,2,Books,Berlin,Germany,2023-07-04
901,48,40.89,1,Clothing,LA,USA,2023-10-15
902,164,124.7,2,Clothing,Munich,Germany,2023-10-10
903,489,103.76,2,Books,London,UK,2023-04-18
904,247,120.52,2,Clothing,NYC,USA,2023-12-13
905,341,74.18,1,Clothing,Paris,France,2023-02-07
906,53,52.73,2,Electronics,Paris,France,2023-02-15
907,13,37.4,1,Electronics,Munich,Germany,2023-10-08
908,288,45.75,3,Books,London,UK,2023-09-29
909,376,5.0,1,Clothing,LA,USA,2023-12-01
910,82,83.23,1,Home,Vancouver,Canada,2023-09-14
911,255,30.54,1,Electronics,Vancouver,Canada,2023-08-08
912,111,53.55,3,Home,Lyon,France,2023-05-16
913,289,45.35,1,Electronics,Vancouver,Canada,2023-03-07
914,165,123.01,1,Home,LA,USA,2023-02-01
915,44,34.18,1,Electronics,Berlin,Germany,2023-06-24
916,325,140.64,4,Clothing,Toronto,Canada,2023-05-08
917,72,55.07,1,Books,NYC,USA,2023-12-21
918,55,91.67,2,Home,Manchester,UK,2023-12-09
919,366,109.37,1,Books,Chicago,USA,2023-04-12
920,312,87.81,1,Electronics,NYC,USA,2023-02-15
921,417,71.91,1,Clothing,Chicago,USA,2023-10-12
922,264,36.37,2,Home,Toronto,Canada,2023-09-30
923,417,32.14,1,Books,Chicago,USA,2023-07-29
924,334,109.66,2,Electronics,Chicago,USA,2023-08-06
925,304,55.88,1,Clothing,Lyon,France,2023-03-23
926,85,62.97,1,Home,Lyon,France,2023-03-30
927,208,82.64,1,Books,Manchester,UK,2023-01-08
928,453,119.75,2,Books,Vancouver,Canada,2023-06-30
929,254,122.43,1,Books,LA,USA,2023-12-03
930,358,35.95,1,Home,Berlin,Germany,2023-02-13
931,443,40.73,1,Clothing,LA,USA,2023-02-21
932,183,86.07,2,Clothing,Toronto,Canada,2023-05-25
933,334,38.95,3,Clothing,NYC,USA,2023-09-26
934,387,88.24,2,Clothing,Chicago,USA,2023-01-10
935,353,75.61,3,Home,Chicago,USA,2023-01-16
936,483,51.79,1,Books,NYC,USA,2023-08-07
937,401,115.92,2,Electronics,Paris,France,2023-10-06
938,454,46.08,4,Books,LA,USA,2023-05-23
939,445,5.0,1,Clothing,Manchester,UK,2023-03-11
940,265,75.37,1,Electronics,NYC,USA,2023-01-01
941,287,58.24,1,Books,LA,USA,2023-10-01
942,122,81.69,1,Electronics,NYC,USA,2023-07-21
943,256,40.84,4,Electronics,Munich,Germany,2023-03-19
944,262,176.44,1,Home,Manchester,UK,2023-01-01
945,302,191.85,3,Books,NYC,USA,2023-03-07
946,52,107.16,1,Books,London,UK,2023-03-14
947,203,65.11,3,Clothing,Toronto,Canada,2023-04-30
948,163,52.6,1,Electronics,Manchester,UK,2023-05-15
949,494,61.24,1,Electronics,LA,USA,2023-12-11
950,293,46.4,2,Electronics,Berlin,Germany,2023-01-23
951,192,79.31,1,Clothing,Paris,France,2023-01-06
952,354,48.73,2,Books,Paris,France,2023-06-18
953,408,41.57,1,Home,Berlin,Germany,2023-04-03
954,420,132.53,3,Books,NYC,USA,2023-09-30
955,107,49.06,4,Clothing,NYC,USA,2023-07-15
956,419,48.72,1,Clothing,NYC,USA,2023-05-03
957,40,64.45,1,Clothing,NYC,USA,2023-11-07
958,32,45.53,2,Clothing,NYC,USA,2023-05-04
959,220,80.11,1,Clothing,NYC,USA,2023-10-11
960,404,53.31,1,Electronics,NYC,USA,2023-08-26
961,382,76.08,3,Electronics,LA,USA,2023-12-22
962,499,100.1,3,Clothing,Manchester,UK,2023-06-14
963,216,55.38,2,Books,LA,USA,2023-07-26
964,68,66.58,2,Clothing,LA,USA,2023-09-18
965,125,90.91,4,Clothing,Vancouver,Canada,2023-05-08
966,382,91.07,1,Books,NYC,USA,2023-12-31
967,420,155.66,1,Home,LA,USA,2023-06-14
968,97,34.37,1,Clothing,LA,USA,2023-10-19
969,11,27.98,1,Clothing,Lyon,France,2023-06-19
970,11,67.99,3,Books,Lyon,France,2023-05-11
971,70,59.51,1,Clothing,Toronto,Canada,2023-06-12
972,130,44.24,1,Electronics,London,UK,2023-05-28
973,498,10.29,1,Clothing,NYC,USA,2023-06-23
974,136,54.93,2,Home,Vancouver,Canada,2023-02-17
975,202,90.44,2,Electronics,Chicago,USA,2023-07-16
976,492,160.7,2,Electronics,Manchester,UK,2023-03-05
977,178,58.3,1,Books,Munich,Germany,2023-07-17
978,408,46.38,1,Electronics,Berlin,Germany,2023-03-13
979,127,116.3,2,Books,London,UK,2023-09-15
980,53,78.19,2,Home,Lyon,France,2023-04-21
981,48,68.97,4,Books,NYC,USA,2023-12-15
982,183,131.41,2,Clothing,Toronto,Canada,2023-04-16
983,232,82.52,1,Home,Chicago,USA,2023-01-03
984,99,76.32,1,Clothing,NYC,USA,2023-11-08
985,179,74.34,1,Home,LA,USA,2023-11-24
986,356,149.82,3,Clothing,NYC,USA,2023-01-09
987,379,109.32,2,Home,Manchester,UK,2023-09-06
988,179,79.49,2,Electronics,Chicago,USA,2023-09-17
989,116,58.68,3,Books,Munich,Germany,2023-02-28
990,360,89.08,1,Home,London,UK,2023-11-30
991,175,67.02,2,Clothing,Manchester,UK,2023-03-16
992,134,14.03,2,Home,Vancouver,Canada,2023-09-08
993,17,79.88,1,Books,NYC,USA,2023-02-11
994,440,71.58,1,Electronics,Manchester,UK,2023-10-15
995,387,122.53,2,Clothing,NYC,USA,2023-09-21
996,310,31.3,5,Home,Berlin,Germany,2023-06-17
997,334,41.79,1,Home,NYC,USA,2023-10-26
998,366,146.72,3,Electronics,LA,USA,2023-06-05
999,293,82.06,2,Clothing,Berlin,Germany,2023-12-06
1000,451,51.6,1,Home,NYC,USA,2023-07-19
1001,249,68.38,2,Clothing,Berlin,Germany,2023-01-07
1002,170,172.3,2,Electronics,LA,USA,2023-02-27
1003,287,106.03,1,Books,Chicago,USA,2023-04-08
1004,71,57.67,1,Books,Manchester,UK,2023-11-24
1005,180,48.53,1,Books,Chicago,USA,2023-06-10
1006,457,38.0,1,Clothing,London,UK,2023-10-28
1007,150,44.24,2,Clothing,LA,USA,2023-05-29
1008,176,76.86,1,Electronics,Lyon,France,2023-02-13
1009,116,39.6,1,Electronics,Munich,Germany,2023-11-29
1010,131,38.01,1,Home,Vancouver,Canada,2023-11-24
1011,228,40.25,1,Clothing,Paris,France,2023-09-30
1012,258,37.53,1,Clothing,Lyon,France,2023-08-04
1013,261,60.47,1,Clothing,Toronto,Canada,2023-08-16
1014,330,111.78,2,Clothing,NYC,USA,2023-02-05
1015,77,95.94,1,Books,Berlin,Germany,2023-06-28
1016,94,84.9,3,Home,Chicago,USA,2023-10-31
1017,288,30.01,2,Clothing,Manchester,UK,2023-12-30
1018,45,112.33,1,Home,Munich,Germany,2023-10-26
1019,427,52.94,2,Books,Vancouver,Canada,2023-05-15
1020,185,48.07,3,Clothing,Berlin,Germany,2023-06-02
1021,52,20.77,1,Home,Manchester,UK,2023-11-07
1022,57,105.0,4,Electronics,Munich,Germany,2023-11-27
1023,287,45.67,2,Books,Chicago,USA,2023-04-11
1024,300,52.33,3,Clothing,LA,USA,2023-05-22
1025,224,36.98,1,Home,Manchester,UK,2023-07-12
1026,252,63.78,1,Books,Berlin,Germany,2023-04-07
1027,423,50.07,1,Home,London,UK,2023-04-08
1028,382,35.29,1,Clothing,Chicago,USA,2023-07-03
1029,272,45.35,1,Electronics,LA,USA,2023-05-14
1030,222,26.08,1,Home,Vancouver,Canada,2023-08-15
1031,16,108.36,1,Books,Manchester,UK,2023-06-24
1032,359,86.88,1,Clothing,Munich,Germany,2023-01-08
1033,443,100.67,1,Electronics,NYC,USA,2023-02-15
1034,116,78.05,2,Electronics,Munich,Germany,2023-02-10
1035,383,54.85,2,Home,London,UK,2023-08-13
1036,254,5.0,2,Home,LA,USA,2023-05-20
1037,106,26.43,1,Clothing,Lyon,France,2023-04-09
1038,28,156.66,3,Books,Lyon,France,2023-04-19
1039,317,146.3,3,Clothing,Toronto,Canada,2023-08-14
1040,428,46.59,1,Electronics,Toronto,Canada,2023-06-10
1041,44,49.99,2,Home,Berlin,Germany,2023-05-28
1042,489,122.11,3,Clothing,London,UK,2023-01-04
1043,463,49.31,2,Clothing,Manchester,UK,2023-02-21
1044,130,5.0,2,Clothing,Manchester,UK,2023-05-18
1045,13,91.6,1,Clothing,Berlin,Germany,2023-08-16
1046,453,57.44,1,Home,Vancouver,Canada,2023-04-20
1047,261,55.11,1,Home,Vancouver,Canada,2023-01-13
1048,257,94.49,1,Books,NYC,USA,2023-01-24
1049,199,128.08,1,Books,Toronto,Canada,2023-05-20
1050,208,65.48,1,Books,London,UK,2023-09-23
1051,475,8.72,3,Electronics,Manchester,UK,2023-12-27
1052,209,146.59,2,Electronics,London,UK,2023-11-02
1053,248,154.79,4,Electronics,LA,USA,2023-09-16
1054,2,38.84,3,Clothing,NYC,USA,2023-01-12
1055,362,98.34,1,Electronics,Vancouver,Canada,2023-06-21
1056,32,65.87,1,Home,Chicago,USA,2023-03-23
1057,211,116.39,3,Books,LA,USA,2023-12-29
1058,389,64.97,1,Home,Chicago,USA,2023-08-27
1059,348,101.69,2,Clothing,Chicago,USA,2023-06-04
1060,317,93.37,2,Home,Vancouver,Canada,2023-05-27
1061,175,52.04,1,Home,London,UK,2023-07-09
1062,487,5.0,3,Home,Chicago,USA,2023-01-09
1063,348,75.64,1,Clothing,Chicago,USA,2023-01-17
1064,16,44.01,1,Electronics,London,UK,2023-08-02
1065,155,106.51,1,Electronics,NYC,USA,2023-01-16
1066,265,87.48,2,Clothing,NYC,USA,2023-03-08
1067,332,44.63,3,Books,Toronto,Canada,2023-09-23
1068,213,160.09,3,Clothing,NYC,USA,2023-10-31
1069,377,25.42,3,Electronics,Chicago,USA,2023-07-26
1070,200,216.75,1,Electronics,Manchester,UK,2023-08-08
1071,183,102.05,1,Electronics,Toronto,Canada,2023-01-26
1072,412,120.81,3,Electronics,London,UK,2023-06-10
1073,272,87.64,2,Books,LA,USA,2023-09-12
1074,292,49.58,2,Home,Toronto,Canada,2023-11-09
1075,398,30.65,1,Home,NYC,USA,2023-08-02
1076,61,50.64,2,Clothing,Manchester,UK,2023-12-10
1077,375,53.2,1,Books,Toronto,Canada,2023-02-14
1078,189,101.97,2,Electronics,Manchester,UK,2023-02-02
1079,339,71.75,1,Home,Manchester,UK,2023-08-31
1080,101,95.57,1,Clothing,Manchester,UK,2023-03-23
1081,128,23.56,2,Clothing,Berlin,Germany,2023-12-26
1082,120,145.47,2,Clothing,Lyon,France,2023-08-20
1083,79,115.26,1,Electronics,Munich,Germany,2023-12-20
1084,98,88.8,2,Electronics,Chicago,USA,2023-09-08
1085,261,108.68,1,Electronics,Vancouver,Canada,2023-11-11
1086,295,95.09,3,Clothing,Toronto,Canada,2023-07-22
1087,173,72.4,1,Clothing,LA,USA,2023-12-07
1088,159,76.65,2,Books,LA,USA,2023-02-23
1089,202,72.46,1,Electronics,Chicago,USA,2023-05-31
1090,347,67.69,2,Books,Paris,France,2023-09-28
1091,156,58.75,2,Clothing,Toronto,Canada,2023-09-04
1092,54,47.94,2,Electronics,Toronto,Canada,2023-09-14
1093,129,88.48,4,Electronics,LA,USA,2023-10-18
1094,397,109.21,2,Books,Chicago,USA,2023-08-12
1095,436,47.97,1,Electronics,Paris,France,2023-11-04
1096,295,94.63,3,Electronics,Vancouver,Canada,2023-01-31
1097,231,16.86,2,Home,LA,USA,2023-07-14
1098,475,62.7,1,Books,London,UK,2023-01-22
1099,329,113.54,2,Books,Toronto,Canada,2023-01-29
1100,268,29.07,1,Clothing,Lyon,France,2023-08-28
1101,233,19.49,1,Clothing,Manchester,UK,2023-09-14
1102,312,97.33,1,Electronics,LA,USA,2023-08-14
1103,477,42.86,1,Electronics,Chicago,USA,2023-09-12
1104,206,5.0,3,Home,LA,USA,2023-01-19
1105,409,24.54,1,Home,Lyon,France,2023-12-10
1106,288,95.43,3,Clothing,London,UK,2023-01-02
1107,109,107.72,1,Electronics,Lyon,France,2023-04-05
1108,312,61.74,2,Electronics,NYC,USA,2023-08-16
1109,487,45.27,1,Home,NYC,USA,2023-01-05
1110,207,78.0,1,Books,NYC,USA,2023-11-20
1111,18,47.44,3,Electronics,NYC,USA,2023-06-02
1112,53,19.12,1,Books,Lyon,France,2023-09-17
1113,245,90.84,1,Electronics,NYC,USA,2023-05-25
1114,22,61.53,2,Electronics,Paris,France,2023-10-12
1115,341,48.02,1,Clothing,Lyon,France,2023-09-08
1116,200,104.8,1,Books,Manchester,UK,2023-03-15
1117,408,18.33,1,Electronics,Munich,Germany,2023-05-02
1118,432,86.57,1,Clothing,NYC,USA,2023-03-26
1119,333,86.1,3,Electronics,Vancouver,Canada,2023-10-20
1120,388,82.23,3,Home,NYC,USA,2023-08-03
1121,156,33.58,3,Electronics,Vancouver,Canada,2023-08-02
1122,121,140.49,1,Books,Lyon,France,2023-03-13
1123,290,90.25,4,Clothing,NYC,USA,2023-09-20
1124,194,88.49,1,Clothing,Lyon,France,2023-05-14
1125,72,53.32,1,Clothing,LA,USA,2023-01-17
1126,247,157.49,3,Clothing,LA,USA,2023-11-03
1127,442,91.33,4,Home,LA,USA,2023-04-19
1128,275,39.46,2,Home,Chicago,USA,2023-09-14
1129,385,18.52,1,Books,Munich,Germany,2023-07-27
1130,441,47.17,2,Books,London,UK,2023-12-09
1131,187,53.65,1,Home,Paris,France,2023-01-11
1132,213,127.42,3,Home,NYC,USA,2023-06-28
1133,377,94.09,1,Electronics,NYC,USA,2023-09-10
1134,308,24.73,1,Home,Vancouver,Canada,2023-12-09
1135,106,102.16,1,Electronics,Paris,France,2023-02-08
1136,133,175.9,3,Electronics,Chicago,USA,2023-07-13
1137,175,87.99,1,Books,London,UK,2023-01-14
1138,363,75.24,1,Home,London,UK,2023-08-08
1139,182,41.01,2,Books,LA,USA,2023-12-06
1140,64,145.16,1,Clothing,Toronto,Canada,2023-09-22
1141,186,17.04,3,Home,Paris,France,2023-01-15
1142,179,79.66,3,Clothing,Chicago,USA,2023-08-26
1143,463,85.48,1,Clothing,Manchester,UK,2023-04-21
1144,277,124.59,1,Electronics,NYC,USA,2023-04-05
1145,172,144.05,4,Electronics,NYC,USA,2023-12-25
1146,104,31.48,1,Clothing,Vancouver,Canada,2023-07-29
1147,260,5.0,4,Electronics,Chicago,USA,2023-10-04
1148,121,90.15,3,Electronics,Paris,France,2023-03-23
1149,460,71.15,2,Electronics,Toronto,Canada,2023-02-28
1150,197,165.78,3,Clothing,NYC,USA,2023-01-28
1151,484,111.69,3,Clothing,Munich,Germany,2023-11-03
1152,128,57.04,1,Clothing,Berlin,Germany,2023-12-05
1153,486,55.4,1,Books,Toronto,Canada,2023-12-25
1154,426,24.66,2,Clothing,Lyon,France,2023-08-17
1155,389,91.97,2,Home,NYC,USA,2023-11-06
1156,130,34.32,1,Clothing,Manchester,UK,2023-05-03
1157,422,14.71,3,Books,LA,USA,2023-11-01
1158,304,99.06,3,Clothing,Paris,France,2023-06-01
1159,396,98.24,3,Home,Chicago,USA,2023-03-16
1160,134,69.23,2,Home,Toronto,Canada,2023-08-28
1161,75,9.87,1,Home,NYC,USA,2023-01-03
1162,56,107.05,3,Clothing,Vancouver,Canada,2023-01-22
1163,17,5.0,3,Electronics,Chicago,USA,2023-06-26
1164,78,88.62,2,Clothing,Toronto,Canada,2023-02-20
1165,403,113.12,3,Books,Manchester,UK,2023-08-09
1166,125,56.27,3,Electronics,Vancouver,Canada,2023-10-30
1167,210,61.92,2,Electronics,Chicago,USA,2023-08-30
1168,366,127.44,3,Home,Chicago,USA,2023-09-23
1169,448,168.58,5,Home,Berlin,Germany,2023-10-16
1170,161,144.76,2,Clothing,LA,USA,2023-02-08
1171,318,129.69,4,Electronics,London,UK,2023-12-25
1172,372,147.33,3,Books,Chicago,USA,2023-06-01
1173,432,43.8,3,Books,Chicago,USA,2023-02-23
1174,197,97.13,2,Electronics,LA,USA,2023-09-10
1175,210,5.0,1,Clothing,Chicago,USA,2023-04-29
1176,16,42.31,1,Home,London,UK,2023-11-14
1177,372,145.18,3,Electronics,NYC,USA,2023-10-11
1178,470,145.59,4,Clothing,Munich,Germany,2023-10-20
1179,386,33.4,1,Clothing,London,UK,2023-03-04
1180,107,68.98,2,Clothing,LA,USA,2023-09-25
1181,240,96.53,2,Home,Paris,France,2023-03-18
1182,256,116.39,3,Electronics,Munich,Germany,2023-11-26
1183,205,48.9,2,Books,Chicago,USA,2023-02-11
1184,338,68.05,2,Home,LA,USA,2023-06-26
1185,215,103.06,3,Books,Berlin,Germany,2023-07-19
1186,168,75.02,2,Electronics,Lyon,France,2023-05-28
1187,128,62.18,1,Clothing,Munich,Germany,2023-05-22
1188,212,117.42,1,Clothing,LA,USA,2023-03-04
1189,170,101.18,1,Clothing,LA,USA,2023-01-30
1190,335,155.09,3,Electronics,London,UK,2023-07-17
1191,334,51.98,1,Clothing,LA,USA,2023-08-13
1192,85,13.9,1,Home,Paris,France,2023-03-10
1193,150,53.11,3,Clothing,Chicago,USA,2023-05-11
1194,319,127.7,1,Home,Manchester,UK,2023-11-09
1195,90,90.35,1,Books,Berlin,Germany,2023-08-27
1196,484,182.35,2,Electronics,Munich,Germany,2023-12-18
1197,290,67.67,1,Books,LA,USA,2023-11-09
1198,382,52.13,1,Home,NYC,USA,2023-03-04
1199,359,14.65,2,Home,Munich,Germany,2023-10-10
1200,12,49.89,1,Electronics,Chicago,USA,2023-02-25
1201,135,109.73,4,Home,Chicago,USA,2023-07-18
1202,328,69.8,2,Books,LA,USA,2023-11-04
1203,113,119.93,3,Clothing,LA,USA,2023-10-04
1204,181,21.19,2,Electronics,NYC,USA,2023-04-14
1205,194,89.73,1,Home,Paris,France,2023-02-08
1206,10,85.43,2,Books,Munich,Germany,2023-11-02
1207,257,150.14,1,Electronics,Chicago,USA,2023-07-17
1208,466,72.15,3,Clothing,NYC,USA,2023-02-28
1209,72,33.05,1,Books,Chicago,USA,2023-10-17
1210,81,87.37,2,Clothing,Lyon,France,2023-03-29
1211,123,83.88,2,Clothing,Chicago,USA,2023-04-18
1212,481,72.94,1,Electronics,Manchester,UK,2023-07-20
1213,14,7.13,2,Clothing,NYC,USA,2023-05-12
1214,69,11.09,1,Books,Chicago,USA,2023-04-07
1215,300,59.39,2,Books,LA,USA,2023-08-20
1216,116,143.47,3,Electronics,Berlin,Germany,2023-03-08
1217,286,28.43,3,Clothing,Berlin,Germany,2023-11-10
1218,373,24.2,2,Books,LA,USA,2023-08-26
1219,128,19.58,1,Books,Munich,Germany,2023-11-15
1220,369,73.4,1,Home,Berlin,Germany,2023-04-01
1221,277,92.3,3,Books,LA,USA,2023-03-13
1222,398,53.93,1,Clothing,LA,USA,2023-12-14
1223,103,107.13,4,Electronics,Manchester,UK,2023-06-16
1224,293,5.0,2,Home,Munich,Germany,2023-05-13
1225,242,95.85,1,Clothing,NYC,USA,2023-08-01
1226,22,111.46,3,Books,Lyon,France,2023-08-29
1227,416,30.06,1,Electronics,Vancouver,Canada,2023-03-15
1228,150,33.39,1,Electronics,NYC,USA,2023-09-30
1229,327,140.75,3,Books,Berlin,Germany,2023-11-11
1230,35,89.39,2,Books,Chicago,USA,2023-03-06
1231,436,76.63,2,Books,Lyon,France,2023-09-08
1232,172,135.58,2,Clothing,Chicago,USA,2023-11-12
1233,118,76.4,2,Electronics,Lyon,France,2023-01-27
1234,240,64.53,1,Electronics,Paris,France,2023-04-14
1235,258,71.38,2,Clothing,Lyon,France,2023-08-20
1236,343,174.72,3,Clothing,Munich,Germany,2023-12-13
1237,433,68.57,4,Electronics,Chicago,USA,2023-08-29
1238,246,94.16,2,Electronics,Chicago,USA,2023-12-29
1239,172,90.37,2,Books,Chicago,USA,2023-04-18
1240,299,59.58,2,Home,LA,USA,2023-03-08
1241,185,80.88,1,Books,Berlin,Germany,2023-09-02
1242,347,109.82,3,Home,Paris,France,2023-03-31
1243,368,54.17,2,Home,NYC,USA,2023-10-14
1244,253,157.14,2,Books,Lyon,France,2023-06-28
1245,110,126.2,2,Electronics,Toronto,Canada,2023-03-23
1246,275,109.63,3,Clothing,LA,USA,2023-02-16
1247,283,22.91,1,Electronics,Berlin,Germany,2023-05-22
1248,394,15.54,1,Electronics,Vancouver,Canada,2023-01-21
1249,46,50.77,1,Books,Lyon,France,2023-04-18
1250,376,66.93,1,Clothing,NYC,USA,2023-02-15
1251,476,103.29,1,Clothing,Berlin,Germany,2023-12-17
1252,382,83.15,2,Books,Chicago,USA,2023-08-22
1253,203,45.98,4,Clothing,Toronto,Canada,2023-09-25
1254,201,76.98,1,Clothing,Manchester,UK,2023-09-21
1255,228,67.31,2,Electronics,Paris,France,2023-03-16
1256,135,124.33,3,Clothing,NYC,USA,2023-02-07
1257,407,86.16,1,Books,Toronto,Canada,2023-12-02
1258,493,108.63,1,Home,Vancouver,Canada,2023-09-05
1259,247,83.83,1,Books,Chicago,USA,2023-04-21
1260,434,71.02,3,Home,Toronto,Canada,2023-04-03
1261,240,92.14,2,Clothing,Lyon,France,2023-11-11
1262,410,68.88,2,Books,LA,USA,2023-07-24
1263,189,29.17,2,Clothing,Manchester,UK,2023-02-28
1264,89,54.98,2,Books,London,UK,2023-07-20
1265,393,79.22,1,Home,Toronto,Canada,2023-05-20
1266,497,100.75,1,Clothing,Lyon,France,2023-11-12
1267,275,41.27,2,Clothing,Chicago,USA,2023-10-04
1268,321,5.0,2,Books,Lyon,France,2023-12-16
1269,252,73.47,2,Electronics,Berlin,Germany,2023-07-28
1270,285,68.44,2,Books,Chicago,USA,2023-03-05
1271,287,42.69,2,Clothing,Chicago,USA,2023-05-01
1272,390,46.63,3,Books,Paris,France,2023-12-23
1273,137,48.75,2,Clothing,LA,USA,2023-08-09
1274,93,71.69,2,Electronics,Vancouver,Canada,2023-03-20
1275,396,70.49,3,Clothing,LA,USA,2023-05-26
1276,46,70.69,2,Clothing,Paris,France,2023-11-16
1277,143,57.96,1,Home,NYC,USA,2023-01-18
1278,346,77.51,3,Books,Toronto,Canada,2023-01-10
1279,73,76.16,1,Books,Berlin,Germany,2023-07-14
1280,19,94.84,1,Electronics,Paris,France,2023-05-24
1281,262,99.41,3,Electronics,London,UK,2023-01-31
1282,95,110.69,3,Home,Lyon,France,2023-03-29
1283,456,142.44,1,Clothing,London,UK,2023-04-08
1284,251,90.05,1,Electronics,Munich,Germany,2023-07-15
1285,472,30.54,1,Books,Paris,France,2023-04-11
1286,4,110.17,2,Books,Chicago,USA,2023-12-18
1287,413,97.94,3,Electronics,Paris,France,2023-07-13
1288,481,94.18,1,Electronics,Manchester,UK,2023-06-09
1289,151,62.12,1,Books,Munich,Germany,2023-07-01
1290,348,158.61,2,Electronics,NYC,USA,2023-04-18
1291,3,5.0,1,Clothing,Munich,Germany,2023-03-20
1292,337,70.73,1,Electronics,Vancouver,Canada,2023-05-17
1293,137,47.68,1,Clothing,Chicago,USA,2023-06-02
1294,160,102.72,4,Clothing,Chicago,USA,2023-10-30
1295,424,164.94,3,Home,London,UK,2023-09-21
1296,359,55.52,2,Books,Munich,Germany,2023-10-29
1297,250,14.38,1,Electronics,LA,USA,2023-02-12
1298,194,62.44,2,Clothing,Paris,France,2023-06-06
1299,412,186.07,1,Books,Manchester,UK,2023-09-23
1300,437,175.73,3,Electronics,Manchester,UK,2023-09-15
1301,408,99.31,1,Clothing,Berlin,Germany,2023-11-06
1302,343,110.77,4,Home,Berlin,Germany,2023-08-26
1303,46,75.39,1,Home,Paris,France,2023-08-11
1304,455,93.53,1,Books,Berlin,Germany,2023-10-29
1305,465,82.81,3,Clothing,Toronto,Canada,2023-02-03
1306,444,71.49,2,Clothing,Vancouver,Canada,2023-05-12
1307,148,8.6,1,Books,NYC,USA,2023-01-06
1308,154,71.83,2,Home,Munich,Germany,2023-05-24
1309,237,23.16,2,Home,Toronto,Canada,2023-05-14
1310,465,91.13,3,Home,Vancouver,Canada,2023-11-09
1311,277,79.06,4,Books,Chicago,USA,2023-04-09
1312,180,83.96,1,Electronics,NYC,USA,2023-04-28
1313,340,46.1,1,Home,Lyon,France,2023-06-07
1314,345,39.24,3,Clothing,Vancouver,Canada,2023-02-12
1315,449,106.03,3,Home,NYC,USA,2023-01-10
1316,264,31.05,1,Electronics,Toronto,Canada,2023-03-23
1317,412,172.24,2,Home,Manchester,UK,2023-05-18
1318,158,61.85,1,Books,Chicago,USA,2023-09-24
1319,171,159.7,2,Home,Toronto,Canada,2023-01-05
1320,183,59.93,3,Home,Toronto,Canada,2023-02-26
1321,71,5.0,1,Home,Manchester,UK,2023-10-15
1322,437,86.81,4,Electronics,London,UK,2023-08-11
1323,198,42.59,2,Clothing,Berlin,Germany,2023-02-14
1324,294,117.68,3,Books,Chicago,USA,2023-04-26
1325,472,48.18,1,Books,Paris,France,2023-07-18
1326,25,178.96,1,Clothing,London,UK,2023-02-11
1327,63,5.0,3,Clothing,LA,USA,2023-01-18
1328,458,90.28,1,Clothing,London,UK,2023-04-29
1329,436,75.12,2,Clothing,Lyon,France,2023-12-08
1330,307,8.37,1,Books,LA,USA,2023-01-10
1331,133,101.99,4,Clothing,NYC,USA,2023-07-30
1332,387,114.74,1,Clothing,Chicago,USA,2023-12-26
1333,114,13.76,3,Books,Chicago,USA,2023-06-23
1334,330,5.0,2,Electronics,Chicago,USA,2023-06-27
1335,110,83.83,1,Clothing,Toronto,Canada,2023-06-21
1336,82,34.46,1,Electronics,Vancouver,Canada,2023-11-04
1337,485,70.47,1,Home,LA,USA,2023-10-10
1338,191,51.92,2,Books,Munich,Germany,2023-12-25
1339,483,68.17,1,Clothing,Chicago,USA,2023-01-28
1340,167,25.42,2,Home,Toronto,Canada,2023-10-10
1341,394,55.87,1,Clothing,Vancouver,Canada,2023-10-07
1342,455,128.34,3,Books,Berlin,Germany,2023-10-15
1343,330,78.75,2,Clothing,Chicago,USA,2023-03-10
1344,297,102.96,3,Home,London,UK,2023-03-30
1345,6,48.68,3,Electronics,Toronto,Canada,2023-05-11
1346,270,61.06,2,Home,LA,USA,2023-02-11
1347,366,77.85,2,Clothing,Chicago,USA,2023-09-25
1348,427,65.95,1,Books,Vancouver,Canada,2023-12-03
1349,52,102.61,3,Electronics,Manchester,UK,2023-05-28
1350,157,102.27,1,Clothing,London,UK,2023-03-06
1351,98,145.36,2,Clothing,LA,USA,2023-03-08
1352,40,39.43,1,Electronics,NYC,USA,2023-02-28
1353,266,112.28,2,Electronics,Paris,France,2023-04-17
1354,395,53.16,1,Electronics,Vancouver,Canada,2023-06-19
1355,273,29.86,1,Electronics,Chicago,USA,2023-09-02
1356,281,73.13,2,Home,LA,USA,2023-11-20
1357,405,77.77,1,Electronics,LA,USA,2023-06-08
1358,68,144.65,3,Clothing,Chicago,USA,2023-01-22
1359,257,48.43,2,Books,NYC,USA,2023-05-17
1360,329,54.39,3,Clothing,Vancouver,Canada,2023-04-24
1361,91,124.97,3,Books,Berlin,Germany,2023-01-06
1362,289,52.63,1,Electronics,Toronto,Canada,2023-10-11
1363,215,11.2,2,Clothing,Munich,Germany,2023-10-12
1364,492,141.9,3,Electronics,London,UK,2023-06-13
1365,14,68.39,1,Books,LA,USA,2023-05-29
1366,409,76.13,2,Electronics,Paris,France,2023-09-12
1367,72,49.07,3,Electronics,Chicago,USA,2023-02-23
1368,168,125.3,2,Clothing,Paris,France,2023-12-05
1369,19,57.86,1,Electronics,Paris,France,2023-12-23
1370,7,70.05,1,Electronics,Toronto,Canada,2023-09-28
1371,102,107.17,1,Books,Vancouver,Canada,2023-03-10
1372,333,98.62,3,Books,Toronto,Canada,2023-08-11
1373,379,101.66,2,Clothing,London,UK,2023-09-13
1374,179,114.37,2,Books,LA,USA,2023-07-12
1375,217,43.14,1,Electronics,Chicago,USA,2023-04-14
1376,303,106.26,2,Books,Berlin,Germany,2023-11-01
1377,135,168.57,4,Books,LA,USA,2023-03-12
1378,278,107.38,3,Electronics,Paris,France,2023-07-25
1379,90,15.38,1,Electronics,Munich,Germany,2023-02-22
1380,272,83.36,1,Home,NYC,USA,2023-04-02
1381,304,79.84,2,Electronics,Lyon,France,2023-01-14
1382,90,11.4,1,Electronics,Berlin,Germany,2023-04-10
1383,94,191.25,4,Books,NYC,USA,2023-12-05
1384,279,70.95,1,Electronics,Lyon,France,2023-01-31
1385,458,44.1,2,Clothing,London,UK,2023-12-26
1386,360,115.19,1,Books,Manchester,UK,2023-10-01
1387,488,55.83,1,Home,Paris,France,2023-08-08
1388,199,151.31,2,Electronics,Toronto,Canada,2023-02-28
1389,390,24.78,1,Books,Paris,France,2023-09-23
1390,319,108.34,3,Books,London,UK,2023-07-28
1391,346,5.0,1,Clothing,Toronto,Canada,2023-02-18
1392,126,82.27,2,Home,LA,USA,2023-05-12
1393,159,51.73,2,Electronics,NYC,USA,2023-10-26
1394,256,94.57,3,Electronics,Munich,Germany,2023-10-25
1395,55,83.88,1,Clothing,London,UK,2023-01-30
1396,459,56.07,1,Books,NYC,USA,2023-02-02
1397,83,177.39,3,Clothing,Lyon,France,2023-01-15
1398,138,35.36,2,Electronics,Munich,Germany,2023-12-02
1399,121,113.46,2,Electronics,Paris,France,2023-09-15
1400,182,62.8,1,Books,NYC,USA,2023-02-21
1401,267,57.43,1,Electronics,NYC,USA,2023-09-03
1402,406,49.98,1,Books,LA,USA,2023-06-02
1403,132,126.56,2,Books,Munich,Germany,2023-06-15
1404,60,19.43,1,Electronics,Manchester,UK,2023-10-29
1405,495,165.78,2,Books,Chicago,USA,2023-12-31
1406,69,90.3,1,Books,Chicago,USA,2023-06-30
1407,105,32.76,2,Clothing,London,UK,2023-03-07
1408,265,94.11,2,Electronics,LA,USA,2023-12-11
1409,221,77.54,1,Home,LA,USA,2023-03-28
1410,348,149.62,2,Clothing,NYC,USA,2023-01-04
1411,347,103.42,2,Books,Paris,France,2023-05-23
1412,475,5.0,1,Electronics,London,UK,2023-05-12
1413,135,126.54,1,Electronics,Chicago,USA,2023-09-23
1414,161,112.02,3,Electronics,Chicago,USA,2023-09-22
1415,92,60.68,1,Clothing,Toronto,Canada,2023-07-05
1416,215,48.14,1,Home,Munich,Germany,2023-10-20
1417,151,37.59,1,Home,Berlin,Germany,2023-07-17
1418,198,91.93,1,Home,Munich,Germany,2023-01-28
1419,429,104.51,1,Electronics,Chicago,USA,2023-03-24
1420,484,98.03,2,Electronics,Berlin,Germany,2023-08-04
1421,125,75.91,2,Electronics,Vancouver,Canada,2023-12-08
1422,479,134.75,3,Home,Chicago,USA,2023-11-12
1423,249,40.35,1,Books,Berlin,Germany,2023-09-04
1424,30,30.54,3,Clothing,London,UK,2023-02-25
1425,158,74.09,2,Electronics,NYC,USA,2023-07-02
1426,154,120.02,2,Books,Berlin,Germany,2023-08-12
1427,290,59.42,2,Electronics,Chicago,USA,2023-08-26
1428,244,106.43,3,Electronics,Toronto,Canada,2023-09-24
1429,424,67.97,2,Home,Manchester,UK,2023-01-24
1430,121,129.02,2,Electronics,Paris,France,2023-05-18
1431,400,58.78,3,Electronics,Chicago,USA,2023-06-09
1432,91,41.46,3,Clothing,Berlin,Germany,2023-07-30
1433,496,113.54,3,Home,Munich,Germany,2023-06-01
1434,420,112.59,3,Clothing,Chicago,USA,2023-01-08
1435,449,68.98,2,Electronics,LA,USA,2023-07-04
1436,442,102.83,2,Clothing,NYC,USA,2023-07-13
1437,487,35.43,2,Clothing,NYC,USA,2023-07-26
1438,373,30.81,2,Electronics,LA,USA,2023-02-13
1439,122,53.41,1,Clothing,LA,USA,2023-05-16
1440,331,5.0,1,Electronics,LA,USA,2023-05-18
1441,195,91.35,1,Electronics,NYC,USA,2023-11-06
1442,23,68.01,1,Electronics,Vancouver,Canada,2023-01-22
1443,90,94.68,1,Books,Berlin,Germany,2023-04-05
1444,113,95.1,1,Clothing,NYC,USA,2023-10-08
1445,395,118.78,3,Home,Toronto,Canada,2023-05-05
1446,88,73.94,1,Home,Lyon,France,2023-10-27
1447,469,88.76,2,Electronics,Lyon,France,2023-11-06
1448,455,72.8,2,Books,Munich,Germany,2023-09-17
1449,13,41.64,2,Home,Munich,Germany,2023-07-06
1450,483,117.89,2,Books,LA,USA,2023-03-18
1451,285,45.54,2,Electronics,LA,USA,2023-10-02
1452,128,60.82,2,Electronics,Munich,Germany,2023-02-04
1453,471,112.24,2,Electronics,Lyon,France,2023-08-02
1454,251,31.38,1,Clothing,Munich,Germany,2023-01-01
1455,156,48.05,2,Electronics,Vancouver,Canada,2023-09-18
1456,102,30.91,1,Electronics,Toronto,Canada,2023-05-10
1457,471,89.22,4,Books,Paris,France,2023-07-26
1458,387,142.08,4,Clothing,NYC,USA,2023-01-04
1459,335,98.85,3,Books,Manchester,UK,2023-06-01
1460,347,150.59,1,Books,Lyon,France,2023-07-03
1461,311,152.44,3,Clothing,Munich,Germany,2023-11-02
1462,430,99.41,1,Electronics,Manchester,UK,2023-04-30
1463,230,12.02,1,Home,NYC,USA,2023-06-29
1464,103,147.8,3,Electronics,London,UK,2023-12-21
1465,366,116.42,2,Electronics,LA,USA,2023-10-19
1466,341,108.15,1,Electronics,Paris,France,2023-04-14
1467,6,46.78,1,Electronics,Toronto,Canada,2023-08-03
1468,394,20.77,2,Home,Vancouver,Canada,2023-03-29
1469,10,74.31,3,Home,Munich,Germany,2023-10-30
1470,244,138.94,1,Electronics,Toronto,Canada,2023-06-12
1471,61,121.7,2,Home,London,UK,2023-08-15
1472,8,41.09,4,Electronics,Paris,France,2023-07-14
1473,435,125.69,1,Books,Vancouver,Canada,2023-12-06
1474,56,130.7,2,Electronics,Toronto,Canada,2023-04-13
1475,345,112.8,2,Home,Toronto,Canada,2023-08-14
1476,417,53.28,4,Electronics,LA,USA,2023-05-07
1477,314,65.17,2,Clothing,Paris,France,2023-09-24
1478,83,48.04,1,Books,Lyon,France,2023-03-15
1479,235,73.47,2,Home,NYC,USA,2023-04-13
1480,91,52.47,2,Electronics,Berlin,Germany,2023-03-01
1481,175,118.18,2,Electronics,Manchester,UK,2023-07-13
1482,363,81.7,2,Home,Manchester,UK,2023-03-20
1483,1,59.87,2,Books,NYC,USA,2023-07-15
1484,289,46.27,2,Home,Vancouver,Canada,2023-12-10
1485,175,12.09,2,Electronics,Manchester,UK,2023-03-16
1486,250,5.0,2,Clothing,Chicago,USA,2023-12-18
1487,18,56.91,1,Clothing,Chicago,USA,2023-10-23
1488,420,95.53,2,Books,LA,USA,2023-12-21
1489,399,13.41,1,Clothing,Munich,Germany,2023-08-23
1490,463,49.96,1,Electronics,Manchester,UK,2023-07-11
1491,279,74.42,1,Books,Lyon,France,2023-04-02
1492,279,46.59,3,Clothing,Lyon,France,2023-03-24
1493,327,127.31,2,Books,Berlin,Germany,2023-11-23
1494,415,33.07,2,Electronics,NYC,USA,2023-02-24
1495,271,64.14,3,Home,Manchester,UK,2023-12-16
1496,70,13.46,2,Home,Vancouver,Canada,2023-10-22
1497,408,75.51,2,Home,Munich,Germany,2023-04-14
1498,180,5.0,3,Home,LA,USA,2023-01-04
1499,1,58.08,1,Clothing,LA,USA,2023-01-07
1500,37,21.14,2,Electronics,London,UK,2023-04-21
1501,146,97.85,1,Home,Paris,France,2023-10-09
1502,54,30.28,2,Electronics,Toronto,Canada,2023-09-26
1503,219,128.54,1,Home,Manchester,UK,2023-09-07
1504,161,108.78,2,Electronics,NYC,USA,2023-01-21
1505,208,14.24,2,Electronics,London,UK,2023-02-25
1506,171,196.44,2,Books,Toronto,Canada,2023-04-27
1507,454,62.16,2,Clothing,Chicago,USA,2023-01-01
1508,54,76.74,2,Home,Toronto,Canada,2023-02-23
1509,202,81.61,1,Electronics,LA,USA,2023-09-26
1510,344,70.05,3,Books,LA,USA,2023-11-15
1511,157,90.56,1,Electronics,Manchester,UK,2023-09-10
1512,290,62.93,3,Home,Chicago,USA,2023-02-13
1513,310,7.17,1,Electronics,Berlin,Germany,2023-06-06
1514,342,54.97,2,Books,Paris,France,2023-06-03
1515,254,108.63,1,Electronics,LA,USA,2023-12-28
1516,130,35.96,1,Electronics,London,UK,2023-07-26
1517,90,86.98,2,Electronics,Munich,Germany,2023-01-17
1518,350,86.87,2,Books,Lyon,France,2023-09-27
1519,224,51.11,1,Clothing,Manchester,UK,2023-06-19
1520,264,73.8,1,Books,Vancouver,Canada,2023-04-02
1521,311,132.25,2,Electronics,Munich,Germany,2023-05-12
1522,2,148.26,1,Books,Chicago,USA,2023-01-18
1523,421,79.46,1,Home,Paris,France,2023-09-29
1524,456,135.46,2,Home,London,UK,2023-05-30
1525,227,56.11,1,Electronics,London,UK,2023-01-09
1526,122,43.75,2,Electronics,LA,USA,2023-10-16
1527,294,81.37,1,Clothing,NYC,USA,2023-06-10
1528,94,135.34,4,Electronics,Chicago,USA,2023-12-26
1529,320,21.56,1,Electronics,Chicago,USA,2023-05-01
1530,93,55.02,1,Electronics,Toronto,Canada,2023-04-22
1531,30,22.62,1,Books,Manchester,UK,2023-06-20
1532,370,67.37,1,Electronics,NYC,USA,2023-07-29
1533,202,73.11,1,Clothing,LA,USA,2023-06-05
1534,62,83.83,2,Clothing,LA,USA,2023-07-28
1535,269,187.17,3,Clothing,Munich,Germany,2023-05-26
1536,488,71.34,2,Electronics,Lyon,France,2023-07-31
1537,175,40.33,1,Clothing,London,UK,2023-03-10
1538,445,61.19,2,Electronics,London,UK,2023-03-10
1539,326,145.71,1,Books,Chicago,USA,2023-06-13
1540,387,71.36,1,Clothing,Chicago,USA,2023-11-02
1541,235,101.18,1,Electronics,LA,USA,2023-05-17
1542,247,86.75,3,Books,Chicago,USA,2023-06-27
1543,158,26.03,1,Books,LA,USA,2023-07-13
1544,39,13.86,2,Clothing,London,UK,2023-12-27
1545,321,65.46,1,Books,Paris,France,2023-11-22
1546,388,89.18,3,Electronics,LA,USA,2023-09-06
1547,248,121.43,3,Clothing,LA,USA,2023-02-09
1548,318,200.37,3,Books,Manchester,UK,2023-12-07
1549,300,85.17,3,Electronics,LA,USA,2023-06-03
1550,199,125.51,2,Electronics,Vancouver,Canada,2023-07-04
1551,487,75.2,1,Electronics,LA,USA,2023-10-03
1552,254,49.02,1,Clothing,LA,USA,2023-12-19
1553,498,5.0,1,Electronics,LA,USA,2023-08-30
1554,94,103.98,4,Clothing,LA,USA,2023-02-10
1555,304,74.57,1,Books,Lyon,France,2023-08-17
1556,142,196.75,3,Home,LA,USA,2023-12-02
1557,474,41.81,1,Books,Toronto,Canada,2023-12-12
1558,273,19.24,3,Electronics,Chicago,USA,2023-04-11
1559,266,54.11,1,Clothing,Paris,France,2023-07-24
1560,391,133.94,2,Books,Vancouver,Canada,2023-12-22
1561,354,84.58,2,Home,Lyon,France,2023-02-04
1562,192,54.51,2,Electronics,Paris,France,2023-07-29
1563,7,102.29,2,Clothing,Vancouver,Canada,2023-06-13
1564,217,37.52,3,Electronics,LA,USA,2023-10-18
1565,423,52.74,1,Electronics,Manchester,UK,2023-04-14
1566,497,60.12,1,Home,Lyon,France,2023-06-10
1567,407,125.56,2,Books,Vancouver,Canada,2023-08-07
1568,386,128.0,1,Books,Manchester,UK,2023-10-10
1569,258,21.42,1,Books,Lyon,France,2023-01-15
1570,275,48.08,1,Home,LA,USA,2023-03-04
1571,350,65.31,3,Home,Paris,France,2023-08-17
1572,375,63.29,1,Clothing,Vancouver,Canada,2023-12-18
1573,450,100.51,3,Electronics,LA,USA,2023-10-29
1574,173,53.91,2,Books,NYC,USA,2023-10-11
1575,36,133.68,1,Electronics,LA,USA,2023-12-05
1576,387,152.46,1,Clothing,NYC,USA,2023-07-23
1577,275,39.86,1,Electronics,LA,USA,2023-02-28
1578,385,37.78,3,Home,Berlin,Germany,2023-11-04
1579,225,68.97,2,Books,London,UK,2023-04-11
1580,216,96.57,3,Home,LA,USA,2023-07-27
1581,257,95.66,3,Books,LA,USA,2023-05-31
1582,387,146.53,2,Books,Chicago,USA,2023-06-01
1583,204,27.21,1,Books,LA,USA,2023-02-17
1584,487,47.58,1,Home,LA,USA,2023-08-13
1585,494,17.96,1,Clothing,LA,USA,2023-01-28
1586,36,90.56,2,Home,LA,USA,2023-10-16
1587,416,89.74,1,Home,Toronto,Canada,2023-12-23
1588,384,100.23,3,Electronics,Vancouver,Canada,2023-08-02
1589,23,64.5,1,Books,Toronto,Canada,2023-11-29
1590,244,141.74,2,Clothing,Toronto,Canada,2023-09-07
1591,347,122.78,4,Electronics,Paris,France,2023-12-17
1592,150,11.57,2,Electronics,Chicago,USA,2023-12-20
1593,42,129.67,3,Home,Lyon,France,2023-11-16
1594,394,72.04,2,Clothing,Vancouver,Canada,2023-10-25
1595,164,72.63,2,Home,Berlin,Germany,2023-07-11
1596,72,93.9,1,Books,Chicago,USA,2023-06-16
1597,81,39.56,1,Books,Paris,France,2023-06-05
1598,112,119.82,1,Electronics,LA,USA,2023-02-07
1599,399,21.79,2,Home,Berlin,Germany,2023-03-10
1600,288,91.36,3,Clothing,Manchester,UK,2023-07-02
1601,230,29.49,1,Clothing,Chicago,USA,2023-03-16
1602,414,94.2,1,Home,Lyon,France,2023-07-06
1603,18,80.92,1,Clothing,NYC,USA,2023-01-02
1604,303,111.28,3,Clothing,Berlin,Germany,2023-02-21
1605,170,150.25,4,Clothing,Chicago,USA,2023-08-05
1606,323,55.21,2,Clothing,Manchester,UK,2023-03-06
1607,171,127.72,2,Electronics,Vancouver,Canada,2023-05-22
1608,282,157.72,2,Electronics,Toronto,Canada,2023-12-27
1609,332,113.44,3,Home,Vancouver,Canada,2023-06-25
1610,260,26.68,3,Electronics,LA,USA,2023-06-19
1611,199,111.91,3,Home,Toronto,Canada,2023-12-04
1612,395,132.63,2,Clothing,Toronto,Canada,2023-07-01
1613,160,132.52,2,Electronics,Chicago,USA,2023-12-31
1614,341,83.6,3,Home,Lyon,France,2023-06-27
1615,334,79.83,1,Electronics,Chicago,USA,2023-12-01
1616,412,125.08,1,Clothing,Manchester,UK,2023-10-20
1617,78,60.45,2,Clothing,Vancouver,Canada,2023-09-23
1618,75,17.74,1,Books,NYC,USA,2023-06-26
1619,425,5.0,3,Books,LA,USA,2023-01-26
1620,69,41.07,2,Home,Chicago,USA,2023-07-10
1621,464,43.55,3,Clothing,Chicago,USA,2023-04-10
1622,471,11.66,2,Clothing,Lyon,France,2023-08-02
1623,12,41.45,1,Clothing,NYC,USA,2023-06-08
1624,293,53.0,1,Electronics,Munich,Germany,2023-09-29
1625,8,72.28,1,Electronics,Lyon,France,2023-03-06
1626,92,34.62,2,Books,Toronto,Canada,2023-07-12
1627,465,134.11,3,Clothing,Vancouver,Canada,2023-03-11
1628,343,118.65,4,Books,Munich,Germany,2023-02-14
1629,473,50.81,1,Home,Chicago,USA,2023-01-04
1630,108,70.53,1,Books,Berlin,Germany,2023-07-04
1631,118,88.97,1,Home,Paris,France,2023-03-22
1632,137,65.69,2,Clothing,LA,USA,2023-05-23
1633,234,35.07,3,Electronics,Munich,Germany,2023-03-20
1634,17,67.92,1,Clothing,Chicago,USA,2023-02-23
1635,316,127.07,3,Electronics,Lyon,France,2023-10-07
1636,249,87.46,1,Home,Munich,Germany,2023-10-08
1637,358,59.71,1,Home,Munich,Germany,2023-02-21
1638,189,27.66,3,Home,London,UK,2023-06-19
1639,101,89.14,2,Electronics,Manchester,UK,2023-12-12
1640,53,63.31,2,Clothing,Lyon,France,2023-03-31
1641,110,46.14,2,Home,Toronto,Canada,2023-04-07
1642,356,182.87,3,Home,NYC,USA,2023-12-18
1643,410,5.0,2,Clothing,LA,USA,2023-11-06
1644,327,186.22,2,Electronics,Berlin,Germany,2023-07-23
1645,312,32.84,2,Books,Chicago,USA,2023-08-12
1646,363,54.07,3,Clothing,London,UK,2023-12-02
1647,52,66.14,1,Home,Manchester,UK,2023-04-15
1648,480,91.39,2,Electronics,NYC,USA,2023-05-20
1649,494,77.1,2,Home,Chicago,USA,2023-02-04
1650,474,21.04,2,Electronics,Vancouver,Canada,2023-03-10
1651,453,105.24,2,Clothing,Vancouver,Canada,2023-07-26
1652,473,93.85,2,Home,Chicago,USA,2023-11-30
1653,498,35.89,2,Electronics,LA,USA,2023-06-11
1654,266,22.93,1,Electronics,Lyon,France,2023-02-20
1655,184,65.12,1,Home,Chicago,USA,2023-07-19
1656,305,104.12,2,Home,NYC,USA,2023-10-30
1657,283,51.41,2,Home,Berlin,Germany,2023-07-29
1658,21,50.15,1,Electronics,Berlin,Germany,2023-10-22
1659,294,63.24,1,Home,LA,USA,2023-10-08
1660,336,91.33,1,Clothing,Lyon,France,2023-05-28
1661,109,117.54,3,Home,Paris,France,2023-10-20
1662,384,154.29,3,Home,Toronto,Canada,2023-06-30
1663,62,60.62,2,Clothing,Chicago,USA,2023-02-17
1664,432,72.74,1,Clothing,LA,USA,2023-11-06
1665,239,125.3,2,Books,Manchester,UK,2023-07-23
1666,403,70.33,1,Electronics,Manchester,UK,2023-02-18
1667,31,79.11,2,Books,LA,USA,2023-02-27
1668,108,55.24,1,Clothing,Berlin,Germany,2023-07-30
1669,60,48.65,1,Home,London,UK,2023-11-22
1670,216,41.86,4,Electronics,NYC,USA,2023-11-15
1671,209,98.79,2,Clothing,London,UK,2023-01-08
1672,114,66.75,2,Electronics,LA,USA,2023-09-16
1673,56,154.32,2,Home,Toronto,Canada,2023-06-12
1674,295,82.88,2,Clothing,Toronto,Canada,2023-01-16
1675,462,65.61,1,Clothing,Lyon,France,2023-09-22
1676,430,28.13,1,Home,London,UK,2023-03-05
1677,81,108.9,4,Clothing,Lyon,France,2023-09-26
1678,260,27.96,2,Clothing,LA,USA,2023-03-02
1679,477,72.6,2,Clothing,LA,USA,2023-04-28
1680,339,110.41,2,Clothing,London,UK,2023-03-23
1681,92,31.12,1,Electronics,Toronto,Canada,2023-03-27
1682,488,44.08,3,Home,Paris,France,2023-06-24
1683,31,173.83,2,Electronics,NYC,USA,2023-09-22
1684,72,26.76,1,Electronics,LA,USA,2023-09-10
1685,325,146.4,3,Electronics,Toronto,Canada,2023-01-05
1686,18,52.34,1,Electronics,Chicago,USA,2023-03-10
1687,92,67.09,1,Clothing,Vancouver,Canada,2023-10-30
1688,5,94.96,2,Electronics,LA,USA,2023-09-16
1689,461,141.7,2,Clothing,Lyon,France,2023-10-31
1690,351,156.29,3,Electronics,LA,USA,2023-08-14
1691,117,142.36,2,Clothing,Lyon,France,2023-07-15
1692,111,105.47,2,Books,Paris,France,2023-08-05
1693,152,5.0,1,Electronics,Vancouver,Canada,2023-03-31
1694,49,24.4,1,Electronics,London,UK,2023-02-13
1695,212,60.63,1,Electronics,NYC,USA,2023-04-02
1696,309,64.65,3,Electronics,Chicago,USA,2023-02-03
1697,182,62.48,2,Clothing,Chicago,USA,2023-05-16
1698,325,95.34,4,Electronics,Toronto,Canada,2023-04-18
1699,417,59.7,1,Home,Chicago,USA,2023-07-22
1700,28,181.61,4,Clothing,Paris,France,2023-10-04
1701,366,127.05,2,Books,Chicago,USA,2023-11-30
1702,411,108.33,4,Electronics,Chicago,USA,2023-07-12
1703,288,96.87,1,Clothing,London,UK,2023-10-19
1704,26,92.26,4,Electronics,Chicago,USA,2023-07-24
1705,355,103.74,3,Electronics,Vancouver,Canada,2023-11-09
1706,281,41.53,1,Clothing,Chicago,USA,2023-04-27
1707,76,28.5,3,Electronics,Lyon,France,2023-07-10
1708,64,126.08,4,Books,Toronto,Canada,2023-07-03
1709,340,126.32,1,Home,Paris,France,2023-11-30
1710,218,177.1,2,Electronics,LA,USA,2023-07-21
1711,493,112.06,3,Books,Toronto,Canada,2023-04-17
1712,322,49.49,2,Home,London,UK,2023-10-10
1713,126,55.5,2,Electronics,LA,USA,2023-12-21
1714,202,12.3,2,Electronics,Chicago,USA,2023-03-23
1715,70,71.55,1,Clothing,Toronto,Canada,2023-06-08
1716,168,148.42,3,Clothing,Paris,France,2023-09-10
1717,248,112.21,4,Home,NYC,USA,2023-08-20
1718,207,66.1,2,Electronics,LA,USA,2023-06-24
1719,256,141.17,3,Clothing,Munich,Germany,2023-04-03
1720,98,85.91,4,Electronics,LA,USA,2023-06-05
1721,156,42.18,1,Electronics,Vancouver,Canada,2023-01-16
1722,232,46.12,2,Electronics,Chicago,USA,2023-02-09
1723,437,145.95,2,Books,Manchester,UK,2023-09-05
1724,462,90.89,1,Home,Paris,France,2023-03-04
1725,367,50.7,1,Electronics,LA,USA,2023-02-13
1726,450,61.45,1,Books,LA,USA,2023-03-12
1727,233,43.54,2,Electronics,London,UK,2023-09-12
1728,354,57.4,1,Clothing,Lyon,France,2023-09-14
1729,410,16.97,3,Books,LA,USA,2023-06-12
1730,75,128.05,1,Electronics,NYC,USA,2023-03-05
1731,469,96.5,1,Clothing,Lyon,France,2023-01-28
1732,94,97.0,4,Clothing,NYC,USA,2023-12-12
1733,120,123.29,1,Home,Lyon,France,2023-12-27
1734,361,86.68,5,Electronics,Berlin,Germany,2023-09-10
1735,146,39.2,2,Electronics,Lyon,France,2023-03-05
1736,18,87.09,2,Clothing,LA,USA,2023-05-03
1737,216,67.92,3,Electronics,NYC,USA,2023-08-02
1738,134,37.12,1,Books,Vancouver,Canada,2023-04-04
1739,215,35.37,2,Clothing,Munich,Germany,2023-04-30
1740,45,97.49,2,Home,Munich,Germany,2023-01-02
1741,51,48.89,1,Home,Paris,France,2023-01-18
1742,368,37.02,1,Books,NYC,USA,2023-05-26
1743,343,150.44,3,Electronics,Berlin,Germany,2023-10-04
1744,77,182.54,1,Books,Berlin,Germany,2023-08-16
1745,191,24.99,1,Home,Berlin,Germany,2023-12-29
1746,436,22.68,2,Electronics,Lyon,France,2023-01-11
1747,488,6.16,2,Home,Paris,France,2023-04-11
1748,267,46.05,1,Clothing,Chicago,USA,2023-08-12
1749,401,97.24,3,Home,Lyon,France,2023-08-08
1750,153,24.6,2,Electronics,Lyon,France,2023-04-07
1751,341,59.86,2,Clothing,Paris,France,2023-02-04
1752,203,54.07,1,Home,Toronto,Canada,2023-10-17
1753,420,130.2,4,Clothing,NYC,USA,2023-10-09
1754,25,127.78,1,Electronics,Manchester,UK,2023-07-02
1755,179,89.18,1,Electronics,NYC,USA,2023-05-03
1756,214,120.25,2,Clothing,LA,USA,2023-05-07
1757,200,106.98,2,Clothing,London,UK,2023-11-27
1758,56,156.19,4,Home,Toronto,Canada,2023-09-20
1759,466,17.84,3,Electronics,LA,USA,2023-05-27
1760,77,82.46,4,Clothing,Munich,Germany,2023-08-05
1761,111,5.0,2,Home,Lyon,France,2023-10-31
1762,35,36.38,2,Clothing,NYC,USA,2023-06-30
1763,483,18.57,1,Home,Chicago,USA,2023-08-10
1764,389,113.25,1,Clothing,NYC,USA,2023-03-28
1765,160,137.69,2,Clothing,Chicago,USA,2023-05-05
1766,239,125.67,3,Electronics,Manchester,UK,2023-04-06
1767,490,102.59,2,Clothing,Munich,Germany,2023-10-18
1768,46,45.41,2,Electronics,Lyon,France,2023-10-11
1769,41,115.11,2,Electronics,Chicago,USA,2023-08-05
1770,120,102.27,1,Books,Paris,France,2023-10-28
1771,97,5.0,1,Books,NYC,USA,2023-08-07
1772,339,48.14,1,Clothing,Manchester,UK,2023-07-06
1773,81,17.7,1,Books,Lyon,France,2023-07-03
1774,39,27.17,1,Electronics,London,UK,2023-08-01
1775,200,99.33,4,Clothing,London,UK,2023-12-13
1776,282,103.43,2,Clothing,Vancouver,Canada,2023-08-28
1777,332,72.33,2,Clothing,Toronto,Canada,2023-11-12
1778,194,68.97,1,Home,Paris,France,2023-06-16
1779,282,113.3,3,Electronics,Vancouver,Canada,2023-07-04
1780,108,38.73,2,Clothing,Munich,Germany,2023-05-28
1781,474,22.32,2,Home,Toronto,Canada,2023-12-18
1782,100,79.39,2,Electronics,Paris,France,2023-09-30
1783,91,132.84,2,Books,Berlin,Germany,2023-11-25
1784,266,62.46,2,Books,Lyon,France,2023-03-17
1785,482,102.55,1,Electronics,LA,USA,2023-05-08
1786,232,51.23,1,Electronics,LA,USA,2023-05-09
1787,366,133.94,1,Clothing,Chicago,USA,2023-07-13
1788,492,86.16,2,Clothing,London,UK,2023-01-18
1789,377,108.2,1,Electronics,NYC,USA,2023-07-02
1790,429,45.01,1,Home,Chicago,USA,2023-11-28
1791,4,62.35,1,Clothing,Chicago,USA,2023-05-02
1792,213,168.12,2,Home,Chicago,USA,2023-04-16
1793,79,69.64,4,Electronics,Berlin,Germany,2023-09-22
1794,311,123.19,3,Home,Berlin,Germany,2023-05-07
1795,139,94.96,2,Electronics,NYC,USA,2023-11-26
1796,75,53.02,3,Books,Chicago,USA,2023-01-05
1797,310,60.14,2,Books,Berlin,Germany,2023-06-27
1798,114,70.95,3,Clothing,NYC,USA,2023-12-13
1799,383,82.33,1,Books,London,UK,2023-05-08
1800,5,112.9,3,Electronics,LA,USA,2023-09-19
1801,498,55.54,1,Books,LA,USA,2023-05-06
1802,245,101.48,1,Books,Chicago,USA,2023-05-30
1803,414,105.79,1,Books,Lyon,France,2023-02-07
1804,260,18.87,3,Clothing,Chicago,USA,2023-12-07
1805,55,102.07,2,Electronics,Manchester,UK,2023-11-29
1806,24,105.07,4,Books,LA,USA,2023-08-28
1807,37,27.34,3,Electronics,Manchester,UK,2023-08-17
1808,45,114.45,4,Clothing,Berlin,Germany,2023-04-08
1809,303,115.29,3,Electronics,Munich,Germany,2023-08-09
1810,457,82.35,2,Clothing,Manchester,UK,2023-06-25
1811,414,71.77,1,Electronics,Lyon,France,2023-04-30
1812,126,36.96,1,Clothing,Chicago,USA,2023-03-23
1813,202,5.0,3,Home,LA,USA,2023-01-07
1814,419,103.16,3,Clothing,Chicago,USA,2023-10-14
1815,417,14.86,1,Books,NYC,USA,2023-05-28
1816,2,122.87,1,Electronics,NYC,USA,2023-01-18
1817,355,94.06,3,Home,Vancouver,Canada,2023-10-05
1818,158,69.66,1,Books,NYC,USA,2023-01-05
1819,130,64.55,2,Electronics,London,UK,2023-11-23
1820,192,32.86,3,Clothing,Paris,France,2023-04-13
1821,495,66.64,2,Clothing,NYC,USA,2023-01-01
1822,304,76.94,2,Electronics,Paris,France,2023-12-26
1823,367,68.64,3,Clothing,Chicago,USA,2023-08-27
1824,371,93.26,3,Electronics,Vancouver,Canada,2023-05-08
1825,399,27.82,1,Books,Berlin,Germany,2023-04-15
1826,299,68.32,2,Books,NYC,USA,2023-11-23
1827,435,10.31,1,Clothing,Vancouver,Canada,2023-05-16
1828,120,75.35,3,Electronics,Lyon,France,2023-06-07
1829,292,61.11,3,Electronics,Vancouver,Canada,2023-06-11
1830,497,50.98,1,Electronics,Paris,France,2023-10-07
1831,217,90.16,1,Electronics,NYC,USA,2023-06-30
1832,127,5.0,1,Clothing,London,UK,2023-05-02
1833,406,109.9,3,Electronics,Chicago,USA,2023-12-31
1834,121,102.77,2,Home,Lyon,France,2023-07-08
1835,106,97.62,2,Clothing,Paris,France,2023-04-17
1836,55,28.45,2,Home,Manchester,UK,2023-04-04
1837,251,130.49,2,Electronics,Munich,Germany,2023-12-02
1838,203,98.21,2,Clothing,Vancouver,Canada,2023-01-28
1839,139,30.78,1,Home,Chicago,USA,2023-01-31
1840,382,34.35,1,Home,LA,USA,2023-01-23
1841,251,123.97,2,Clothing,Berlin,Germany,2023-12-07
1842,109,143.17,3,Electronics,Lyon,France,2023-08-28
1843,268,53.33,1,Clothing,Lyon,France,2023-08-05
1844,98,121.17,3,Clothing,Chicago,USA,2023-11-13
1845,236,121.27,2,Electronics,LA,USA,2023-09-09
1846,402,30.63,1,Books,Berlin,Germany,2023-08-09
1847,374,131.14,2,Electronics,Paris,France,2023-03-19
1848,45,95.9,2,Clothing,Munich,Germany,2023-11-28
1849,482,74.39,3,Books,LA,USA,2023-05-17
1850,398,62.15,2,Home,NYC,USA,2023-02-01
1851,477,28.19,1,Electronics,LA,USA,2023-01-07
1852,279,28.01,3,Electronics,Lyon,France,2023-05-24
1853,248,108.59,2,Home,Chicago,USA,2023-03-03
1854,384,122.38,1,Books,Toronto,Canada,2023-07-02
1855,398,51.61,4,Clothing,NYC,USA,2023-08-16
1856,194,45.68,1,Electronics,Lyon,France,2023-06-04
1857,445,30.71,1,Books,London,UK,2023-01-13
1858,52,48.22,2,Clothing,Manchester,UK,2023-09-26
1859,145,53.69,1,Books,Paris,France,2023-09-19
1860,36,76.21,3,Home,LA,USA,2023-12-31
1861,93,84.11,1,Home,Vancouver,Canada,2023-01-12
1862,258,49.88,1,Home,Paris,France,2023-07-09
1863,364,70.12,2,Clothing,LA,USA,2023-07-28
1864,321,13.13,2,Electronics,Paris,France,2023-05-30
1865,359,88.05,2,Home,Munich,Germany,2023-03-01
1866,411,125.18,5,Home,NYC,USA,2023-09-19
1867,261,14.14,2,Electronics,Toronto,Canada,2023-10-18
1868,360,116.09,3,Home,Manchester,UK,2023-04-11
1869,165,83.23,1,Clothing,LA,USA,2023-03-09
1870,476,86.73,1,Clothing,Munich,Germany,2023-05-19
1871,115,46.78,2,Books,NYC,USA,2023-12-28
1872,196,62.84,1,Electronics,Berlin,Germany,2023-08-27
1873,145,11.5,1,Electronics,Paris,France,2023-07-23
1874,74,58.8,1,Home,NYC,USA,2023-10-02
1875,172,95.67,3,Clothing,LA,USA,2023-01-04
1876,164,112.99,2,Books,Munich,Germany,2023-11-12
1877,203,37.58,1,Home,Toronto,Canada,2023-10-25
1878,346,88.17,3,Books,Vancouver,Canada,2023-01-25
1879,254,57.72,1,Books,NYC,USA,2023-02-23
1880,251,46.43,1,Home,Munich,Germany,2023-11-26
1881,177,122.1,3,Books,Munich,Germany,2023-07-22
1882,112,58.71,1,Clothing,NYC,USA,2023-07-10
1883,265,76.59,2,Electronics,Chicago,USA,2023-11-15
1884,381,130.33,3,Books,Chicago,USA,2023-01-02
1885,394,63.21,1,Clothing,Toronto,Canada,2023-05-24
1886,102,92.95,2,Electronics,Toronto,Canada,2023-01-17
1887,27,10.14,1,Electronics,NYC,USA,2023-05-09
1888,368,79.51,1,Clothing,Chicago,USA,2023-08-28
1889,407,18.02,1,Books,Toronto,Canada,2023-02-22
1890,101,20.19,1,Clothing,London,UK,2023-09-11
1891,45,154.78,3,Books,Munich,Germany,2023-06-29
1892,500,59.5,1,Electronics,Vancouver,Canada,2023-06-15
1893,497,28.68,1,Clothing,Lyon,France,2023-01-05
1894,418,82.37,1,Clothing,Toronto,Canada,2023-03-10
1895,6,53.18,2,Clothing,Toronto,Canada,2023-01-15
1896,234,13.39,1,Electronics,Munich,Germany,2023-05-13
1897,426,48.82,2,Electronics,Paris,France,2023-09-27
1898,281,56.49,2,Clothing,NYC,USA,2023-02-01
1899,132,82.79,5,Books,Berlin,Germany,2023-11-11
1900,225,38.55,2,Home,Manchester,UK,2023-06-03
1901,473,57.51,1,Home,NYC,USA,2023-11-01
1902,252,43.19,1,Clothing,Berlin,Germany,2023-12-09
1903,5,77.9,2,Clothing,NYC,USA,2023-01-03
1904,86,142.37,2,Home,Vancouver,Canada,2023-03-19
1905,105,36.08,1,Electronics,Manchester,UK,2023-06-12
1906,7,78.04,1,Home,Toronto,Canada,2023-10-12
1907,272,38.7,2,Clothing,NYC,USA,2023-04-25
1908,283,72.25,1,Books,Munich,Germany,2023-10-02
1909,297,65.37,2,Electronics,London,UK,2023-03-11
1910,189,122.23,3,Books,London,UK,2023-10-17
1911,166,60.79,1,Clothing,Manchester,UK,2023-12-19
1912,104,72.67,2,Books,Vancouver,Canada,2023-11-30
1913,469,139.92,3,Electronics,Lyon,France,2023-11-20
1914,319,109.11,3,Clothing,London,UK,2023-01-04
1915,491,129.08,2,Home,Berlin,Germany,2023-08-07
1916,225,53.67,2,Home,Manchester,UK,2023-09-18
1917,37,5.0,1,Clothing,Manchester,UK,2023-10-14
1918,422,51.33,1,Clothing,Chicago,USA,2023-03-01
1919,171,93.85,1,Electronics,Vancouver,Canada,2023-06-11
1920,419,33.2,1,Home,NYC,USA,2023-03-25
1921,478,35.52,2,Clothing,Toronto,Canada,2023-11-11
1922,63,20.95,2,Electronics,NYC,USA,2023-02-12
1923,139,68.28,1,Electronics,NYC,USA,2023-10-14
1924,17,111.18,2,Clothing,Chicago,USA,2023-12-19
1925,181,103.38,1,Home,LA,USA,2023-09-18
1926,293,58.98,1,Home,Munich,Germany,2023-03-20
1927,247,139.3,1,Books,NYC,USA,2023-02-13
1928,460,51.03,1,Electronics,Vancouver,Canada,2023-09-26
1929,208,31.5,1,Electronics,London,UK,2023-08-15
1930,353,53.27,1,Electronics,Chicago,USA,2023-03-17
1931,241,40.47,1,Clothing,NYC,USA,2023-02-26
1932,164,84.48,2,Clothing,Munich,Germany,2023-12-09
1933,346,39.53,2,Electronics,Toronto,Canada,2023-09-28
1934,328,70.12,3,Clothing,NYC,USA,2023-06-22
1935,339,92.71,2,Home,London,UK,2023-04-17
1936,333,131.05,3,Clothing,Toronto,Canada,2023-06-07
1937,209,107.03,4,Clothing,Manchester,UK,2023-05-14
1938,268,60.97,1,Home,Lyon,France,2023-05-30
1939,463,43.0,2,Electronics,London,UK,2023-07-01
1940,170,77.65,2,Electronics,NYC,USA,2023-06-03
1941,392,117.98,1,Home,Toronto,Canada,2023-12-13
1942,315,90.78,2,Clothing,Berlin,Germany,2023-12-24
1943,175,108.88,2,Books,London,UK,2023-04-19
1944,376,46.45,1,Clothing,LA,USA,2023-07-04
1945,399,85.91,1,Clothing,Munich,Germany,2023-11-14
1946,317,158.58,3,Books,Vancouver,Canada,2023-05-24
1947,157,83.57,1,Electronics,Manchester,UK,2023-12-06
1948,378,116.98,2,Home,LA,USA,2023-09-07
1949,460,66.87,2,Books,Toronto,Canada,2023-02-10
1950,279,120.37,2,Books,Lyon,France,2023-10-11
1951,201,84.05,1,Clothing,Manchester,UK,2023-10-12
1952,137,61.21,1,Books,Chicago,USA,2023-12-14
1953,428,11.24,2,Books,Toronto,Canada,2023-09-21
1954,263,6.61,1,Clothing,Munich,Germany,2023-04-13
1955,246,127.1,3,Electronics,LA,USA,2023-12-31
1956,214,67.88,1,Books,NYC,USA,2023-04-08
1957,2,78.24,1,Electronics,LA,USA,2023-03-16
1958,477,37.48,1,Electronics,Chicago,USA,2023-06-12
1959,112,90.15,1,Electronics,NYC,USA,2023-07-07
1960,462,59.75,1,Electronics,Paris,France,2023-02-04
1961,18,106.77,1,Clothing,LA,USA,2023-12-23
1962,18,34.09,1,Books,NYC,USA,2023-04-19
1963,67,75.1,2,Home,NYC,USA,2023-03-14
1964,146,62.37,1,Books,Lyon,France,2023-07-17
1965,33,88.48,1,Clothing,Vancouver,Canada,2023-03-20
1966,415,5.0,3,Electronics,NYC,USA,2023-08-31
1967,241,74.08,1,Electronics,NYC,USA,2023-01-11
1968,261,31.53,3,Electronics,Toronto,Canada,2023-02-04
1969,347,133.38,3,Clothing,Paris,France,2023-12-06
1970,325,97.4,4,Home,Toronto,Canada,2023-10-12
1971,459,127.25,1,Books,Chicago,USA,2023-10-23
1972,442,54.06,1,Home,Chicago,USA,2023-01-29
1973,348,82.23,1,Home,Chicago,USA,2023-03-06
1974,66,29.49,1,Books,NYC,USA,2023-03-27
1975,450,50.56,1,Clothing,NYC,USA,2023-10-22
1976,214,58.15,2,Electronics,LA,USA,2023-04-29
1977,145,45.73,1,Books,Lyon,France,2023-04-01
1978,15,62.36,2,Electronics,NYC,USA,2023-06-21
1979,314,75.35,1,Clothing,Lyon,France,2023-12-29
1980,300,44.78,2,Books,NYC,USA,2023-04-09
1981,122,32.65,1,Electronics,LA,USA,2023-04-09
1982,316,158.52,2,Home,Paris,France,2023-08-28
1983,266,53.45,3,Home,Paris,France,2023-03-22
1984,461,74.75,3,Books,Paris,France,2023-01-13
1985,434,125.54,4,Home,Toronto,Canada,2023-10-08
1986,147,50.68,1,Books,Vancouver,Canada,2023-08-28
1987,497,105.56,3,Electronics,Lyon,France,2023-06-22
1988,187,67.37,2,Electronics,Lyon,France,2023-02-16
1989,221,85.73,1,Clothing,Chicago,USA,2023-01-13
1990,206,24.06,1,Clothing,LA,USA,2023-06-05
1991,219,96.2,2,Home,Manchester,UK,2023-12-28
1992,73,67.4,1,Books,Berlin,Germany,2023-07-27
1993,103,110.07,2,Books,Manchester,UK,2023-08-29
1994,442,64.95,2,Electronics,LA,USA,2023-11-26
1995,98,116.5,4,Clothing,NYC,USA,2023-11-03
1996,400,84.38,3,Electronics,LA,USA,2023-09-08
1997,153,124.65,4,Clothing,Paris,France,2023-06-05
1998,119,58.84,3,Home,Toronto,Canada,2023-04-12
1999,9,46.49,1,Clothing,NYC,USA,2023-01-10
2000,122,22.37,2,Electronics,NYC,USA,2023-11-21
